No.,Time,Source,Destination,Protocol,Length,Info,,,,,,,,,,,,Time 2,Time 2,,Delay,,Delay 2,Delay 1,,Jitter
1,0,69.171.250.60,192.168.1.6,TCP,1446,443  >  50826 [ACK] Seq=1 Ack=1 Win=1089 Len=1392 [TCP segment of a reassembled PDU],,,,,,,,,,,,0,0,,0,,0.000099,0,,0.000099
2,0,69.171.250.60,192.168.1.6,TLSv1.2,220,"Application Data, Application Data",,,,,,,,,,,,0.000099,0,,0.000099,,2.324456,0.000099,,2.324357
3,0.000099,192.168.1.6,69.171.250.60,TCP,54,50826  >  443 [ACK] Seq=1 Ack=1559 Win=516 Len=0,,,,,,,,,,,,2.324555,0.000099,,2.324456,,0.004033,2.324456,,-2.320423
4,2.324555,192.168.1.6,118.98.109.82,UDP,860,61674  >  443 Len=818,,,,,,,,,,,,2.328588,2.324555,,0.004033,,0.000965,0.004033,,-0.003068
5,2.328588,118.98.109.82,192.168.1.6,UDP,68,443  >  61674 Len=26,,,,,,,,,,,,2.329553,2.328588,,0.000965,,0,0.000965,,-0.000965
6,2.329553,118.98.109.82,192.168.1.6,UDP,1392,443  >  61674 Len=1350,,,,,,,,,,,,2.329553,2.329553,,0,,0,0,,0
7,2.329553,118.98.109.82,192.168.1.6,UDP,1392,443  >  61674 Len=1350,,,,,,,,,,,,2.329553,2.329553,,0,,0.001633,0,,0.001633
8,2.329553,118.98.109.82,192.168.1.6,UDP,1392,443  >  61674 Len=1350,,,,,,,,,,,,2.331186,2.329553,,0.001633,,0.000633,0.001633,,-0.001
9,2.331186,192.168.1.6,118.98.109.82,UDP,75,61674  >  443 Len=33,,,,,,,,,,,,2.331819,2.331186,,0.000633,,0,0.000633,,-0.000633
10,2.331819,118.98.109.82,192.168.1.6,UDP,1392,443  >  61674 Len=1350,,,,,,,,,,,,2.331819,2.331819,,0,,0,0,,0
11,2.331819,118.98.109.82,192.168.1.6,UDP,1392,443  >  61674 Len=1350,,,,,,,,,,,,2.331819,2.331819,,0,,0,0,,0
12,2.331819,118.98.109.82,192.168.1.6,UDP,1392,443  >  61674 Len=1350,,,,,,,,,,,,2.331819,2.331819,,0,,0,0,,0
13,2.331819,118.98.109.82,192.168.1.6,UDP,1392,443  >  61674 Len=1350,,,,,,,,,,,,2.331819,2.331819,,0,,0,0,,0
14,2.331819,118.98.109.82,192.168.1.6,UDP,1392,443  >  61674 Len=1350,,,,,,,,,,,,2.331819,2.331819,,0,,0,0,,0
15,2.331819,118.98.109.82,192.168.1.6,UDP,1392,443  >  61674 Len=1350,,,,,,,,,,,,2.331819,2.331819,,0,,0,0,,0
16,2.331819,118.98.109.82,192.168.1.6,UDP,1392,443  >  61674 Len=1350,,,,,,,,,,,,2.331819,2.331819,,0,,0,0,,0
17,2.331819,118.98.109.82,192.168.1.6,UDP,1392,443  >  61674 Len=1350,,,,,,,,,,,,2.331819,2.331819,,0,,0,0,,0
18,2.331819,118.98.109.82,192.168.1.6,UDP,1392,443  >  61674 Len=1350,,,,,,,,,,,,2.331819,2.331819,,0,,0,0,,0
19,2.331819,118.98.109.82,192.168.1.6,UDP,1392,443  >  61674 Len=1350,,,,,,,,,,,,2.331819,2.331819,,0,,0,0,,0
20,2.331819,118.98.109.82,192.168.1.6,UDP,1392,443  >  61674 Len=1350,,,,,,,,,,,,2.331819,2.331819,,0,,0.00077,0,,0.00077
21,2.331819,118.98.109.82,192.168.1.6,UDP,1392,443  >  61674 Len=1350,,,,,,,,,,,,2.332589,2.331819,,0.00077,,0,0.00077,,-0.00077
22,2.332589,118.98.109.82,192.168.1.6,UDP,1392,443  >  61674 Len=1350,,,,,,,,,,,,2.332589,2.332589,,0,,0,0,,0
23,2.332589,118.98.109.82,192.168.1.6,UDP,1392,443  >  61674 Len=1350,,,,,,,,,,,,2.332589,2.332589,,0,,0,0,,0
24,2.332589,118.98.109.82,192.168.1.6,UDP,1392,443  >  61674 Len=1350,,,,,,,,,,,,2.332589,2.332589,,0,,0,0,,0
25,2.332589,118.98.109.82,192.168.1.6,UDP,1392,443  >  61674 Len=1350,,,,,,,,,,,,2.332589,2.332589,,0,,0,0,,0
26,2.332589,118.98.109.82,192.168.1.6,UDP,1392,443  >  61674 Len=1350,,,,,,,,,,,,2.332589,2.332589,,0,,0.000197,0,,0.000197
27,2.332589,118.98.109.82,192.168.1.6,UDP,1392,443  >  61674 Len=1350,,,,,,,,,,,,2.332786,2.332589,,0.000197,,0.001259,0.000197,,0.001062
28,2.332786,192.168.1.6,118.98.109.82,UDP,75,61674  >  443 Len=33,,,,,,,,,,,,2.334045,2.332786,,0.001259,,0.000634,0.001259,,-0.000625
29,2.334045,192.168.1.6,118.98.109.82,UDP,75,61674  >  443 Len=33,,,,,,,,,,,,2.334679,2.334045,,0.000634,,0,0.000634,,-0.000634
30,2.334679,118.98.109.82,192.168.1.6,UDP,1392,443  >  61674 Len=1350,,,,,,,,,,,,2.334679,2.334679,,0,,0,0,,0
31,2.334679,118.98.109.82,192.168.1.6,UDP,1392,443  >  61674 Len=1350,,,,,,,,,,,,2.334679,2.334679,,0,,0,0,,0
32,2.334679,118.98.109.82,192.168.1.6,UDP,1392,443  >  61674 Len=1350,,,,,,,,,,,,2.334679,2.334679,,0,,0,0,,0
33,2.334679,118.98.109.82,192.168.1.6,UDP,1392,443  >  61674 Len=1350,,,,,,,,,,,,2.334679,2.334679,,0,,0,0,,0
34,2.334679,118.98.109.82,192.168.1.6,UDP,1392,443  >  61674 Len=1350,,,,,,,,,,,,2.334679,2.334679,,0,,0,0,,0
35,2.334679,118.98.109.82,192.168.1.6,UDP,1392,443  >  61674 Len=1350,,,,,,,,,,,,2.334679,2.334679,,0,,,,,
36,2.334679,118.98.109.82,192.168.1.6,UDP,1392,443  >  61674 Len=1350,,,,,,,,,,,,,,,,,,,,
37,2.334679,118.98.109.82,192.168.1.6,UDP,1392,443  >  61674 Len=1350,,,,,,,,,,,,,Total Delay,,2.334679,,,Total Jitter,,0
38,2.334679,118.98.109.82,192.168.1.6,UDP,1392,443  >  61674 Len=1350,,,,,,,,,,,,,Rata Rata Delay,,0.00231615,,,Rata Rata Jitter,,0
39,2.335319,192.168.1.6,118.98.109.82,UDP,75,61674  >  443 Len=33,,,,,,,,,,,,,,,,,,,,
40,2.335566,118.98.109.82,192.168.1.6,UDP,1392,443  >  61674 Len=1350,,,,,,,,,,,,,,,,,,,,
41,2.335566,118.98.109.82,192.168.1.6,UDP,1392,443  >  61674 Len=1350,,,,,,,,,,,,,,,,,,,,
42,2.335566,118.98.109.82,192.168.1.6,UDP,1392,443  >  61674 Len=1350,,,,,,,,,,,,,,,,,,,,
43,2.335566,118.98.109.82,192.168.1.6,UDP,1392,443  >  61674 Len=1350,,,,,,,,,,,,,,,,,,,,
44,2.335904,192.168.1.6,118.98.109.82,UDP,75,61674  >  443 Len=33,,,,,,,,,,,,,,,,,,,,
45,2.337635,118.98.109.82,192.168.1.6,UDP,1392,443  >  61674 Len=1350,,,,,,,,,,,,,,,,,,,,
46,2.337635,118.98.109.82,192.168.1.6,UDP,1392,443  >  61674 Len=1350,,,,,,,,,,,,,,,,,,,,
47,2.337635,118.98.109.82,192.168.1.6,UDP,1392,443  >  61674 Len=1350,,,,,,,,,,,,,,,,,,,,
48,2.337635,118.98.109.82,192.168.1.6,UDP,1392,443  >  61674 Len=1350,,,,,,,,,,,,,,,,,,,,
49,2.337635,118.98.109.82,192.168.1.6,UDP,1392,443  >  61674 Len=1350,,,,,,,,,,,,,,,,,,,,
50,2.337635,118.98.109.82,192.168.1.6,UDP,1392,443  >  61674 Len=1350,,,,,,,,,,,,,,,,,,,,
51,2.337635,118.98.109.82,192.168.1.6,UDP,1392,443  >  61674 Len=1350,,,,,,,,,,,,,,,,,,,,
52,2.337635,118.98.109.82,192.168.1.6,UDP,1392,443  >  61674 Len=1350,,,,,,,,,,,,,,,,,,,,
53,2.338153,192.168.1.6,118.98.109.82,UDP,75,61674  >  443 Len=33,,,,,,,,,,,,,,,,,,,,
54,2.338688,118.98.109.82,192.168.1.6,UDP,1392,443  >  61674 Len=1350,,,,,,,,,,,,,,,,,,,,
55,2.338688,118.98.109.82,192.168.1.6,UDP,1392,443  >  61674 Len=1350,,,,,,,,,,,,,,,,,,,,
56,2.338688,118.98.109.82,192.168.1.6,UDP,1392,443  >  61674 Len=1350,,,,,,,,,,,,,,,,,,,,
57,2.338688,118.98.109.82,192.168.1.6,UDP,1392,443  >  61674 Len=1350,,,,,,,,,,,,,,,,,,,,
58,2.338688,118.98.109.82,192.168.1.6,UDP,1392,443  >  61674 Len=1350,,,,,,,,,,,,,,,,,,,,
59,2.338688,118.98.109.82,192.168.1.6,UDP,1392,443  >  61674 Len=1350,,,,,,,,,,,,,,,,,,,,
60,2.338688,118.98.109.82,192.168.1.6,UDP,1392,443  >  61674 Len=1350,,,,,,,,,,,,,,,,,,,,
61,2.338688,118.98.109.82,192.168.1.6,UDP,1392,443  >  61674 Len=1350,,,,,,,,,,,,,,,,,,,,
62,2.338688,118.98.109.82,192.168.1.6,UDP,1392,443  >  61674 Len=1350,,,,,,,,,,,,,,,,,,,,
63,2.339194,192.168.1.6,118.98.109.82,UDP,75,61674  >  443 Len=33,,,,,,,,,,,,,,,,,,,,
64,2.33944,118.98.109.82,192.168.1.6,UDP,1392,443  >  61674 Len=1350,,,,,,,,,,,,,,,,,,,,
65,2.33944,118.98.109.82,192.168.1.6,UDP,1392,443  >  61674 Len=1350,,,,,,,,,,,,,,,,,,,,
66,2.33944,118.98.109.82,192.168.1.6,UDP,1392,443  >  61674 Len=1350,,,,,,,,,,,,,,,,,,,,
67,2.33944,118.98.109.82,192.168.1.6,UDP,1392,443  >  61674 Len=1350,,,,,,,,,,,,,,,,,,,,
68,2.339949,192.168.1.6,118.98.109.82,UDP,75,61674  >  443 Len=33,,,,,,,,,,,,,,,,,,,,
69,2.342538,118.98.109.82,192.168.1.6,UDP,1392,443  >  61674 Len=1350,,,,,,,,,,,,,,,,,,,,
70,2.344685,192.168.1.6,118.98.109.82,UDP,75,61674  >  443 Len=33,,,,,,,,,,,,,,,,,,,,
71,2.34481,118.98.109.82,192.168.1.6,UDP,1392,443  >  61674 Len=1350,,,,,,,,,,,,,,,,,,,,
72,2.34481,118.98.109.82,192.168.1.6,UDP,1392,443  >  61674 Len=1350,,,,,,,,,,,,,,,,,,,,
73,2.34481,118.98.109.82,192.168.1.6,UDP,1392,443  >  61674 Len=1350,,,,,,,,,,,,,,,,,,,,
74,2.34481,118.98.109.82,192.168.1.6,UDP,1392,443  >  61674 Len=1350,,,,,,,,,,,,,,,,,,,,
75,2.34481,118.98.109.82,192.168.1.6,UDP,1392,443  >  61674 Len=1350,,,,,,,,,,,,,,,,,,,,
76,2.34481,118.98.109.82,192.168.1.6,UDP,1392,443  >  61674 Len=1350,,,,,,,,,,,,,,,,,,,,
77,2.34481,118.98.109.82,192.168.1.6,UDP,1392,443  >  61674 Len=1350,,,,,,,,,,,,,,,,,,,,
78,2.34481,118.98.109.82,192.168.1.6,UDP,1392,443  >  61674 Len=1350,,,,,,,,,,,,,,,,,,,,
79,2.34481,118.98.109.82,192.168.1.6,UDP,1392,443  >  61674 Len=1350,,,,,,,,,,,,,,,,,,,,
80,2.34481,118.98.109.82,192.168.1.6,UDP,1392,443  >  61674 Len=1350,,,,,,,,,,,,,,,,,,,,
81,2.34481,118.98.109.82,192.168.1.6,UDP,1392,443  >  61674 Len=1350,,,,,,,,,,,,,,,,,,,,
82,2.345608,192.168.1.6,118.98.109.82,UDP,75,61674  >  443 Len=33,,,,,,,,,,,,,,,,,,,,
83,2.345632,118.98.109.82,192.168.1.6,UDP,1392,443  >  61674 Len=1350,,,,,,,,,,,,,,,,,,,,
84,2.345632,118.98.109.82,192.168.1.6,UDP,1392,443  >  61674 Len=1350,,,,,,,,,,,,,,,,,,,,
85,2.345632,118.98.109.82,192.168.1.6,UDP,1392,443  >  61674 Len=1350,,,,,,,,,,,,,,,,,,,,
86,2.345632,118.98.109.82,192.168.1.6,UDP,1392,443  >  61674 Len=1350,,,,,,,,,,,,,,,,,,,,
87,2.345632,118.98.109.82,192.168.1.6,UDP,1392,443  >  61674 Len=1350,,,,,,,,,,,,,,,,,,,,
88,2.345632,118.98.109.82,192.168.1.6,UDP,1392,443  >  61674 Len=1350,,,,,,,,,,,,,,,,,,,,
89,2.345632,118.98.109.82,192.168.1.6,UDP,1392,443  >  61674 Len=1350,,,,,,,,,,,,,,,,,,,,
90,2.345632,118.98.109.82,192.168.1.6,UDP,1392,443  >  61674 Len=1350,,,,,,,,,,,,,,,,,,,,
91,2.345632,118.98.109.82,192.168.1.6,UDP,1392,443  >  61674 Len=1350,,,,,,,,,,,,,,,,,,,,
92,2.346543,192.168.1.6,118.98.109.82,UDP,75,61674  >  443 Len=33,,,,,,,,,,,,,,,,,,,,
93,2.349767,118.98.109.82,192.168.1.6,UDP,1392,443  >  61674 Len=1350,,,,,,,,,,,,,,,,,,,,
94,2.349767,118.98.109.82,192.168.1.6,UDP,1392,443  >  61674 Len=1350,,,,,,,,,,,,,,,,,,,,
95,2.349767,118.98.109.82,192.168.1.6,UDP,1392,443  >  61674 Len=1350,,,,,,,,,,,,,,,,,,,,
96,2.349767,118.98.109.82,192.168.1.6,UDP,1392,443  >  61674 Len=1350,,,,,,,,,,,,,,,,,,,,
97,2.349767,118.98.109.82,192.168.1.6,UDP,1392,443  >  61674 Len=1350,,,,,,,,,,,,,,,,,,,,
98,2.349767,118.98.109.82,192.168.1.6,UDP,1392,443  >  61674 Len=1350,,,,,,,,,,,,,,,,,,,,
99,2.349767,118.98.109.82,192.168.1.6,UDP,1392,443  >  61674 Len=1350,,,,,,,,,,,,,,,,,,,,
100,2.349767,118.98.109.82,192.168.1.6,UDP,1392,443  >  61674 Len=1350,,,,,,,,,,,,,,,,,,,,
101,2.349767,118.98.109.82,192.168.1.6,UDP,1392,443  >  61674 Len=1350,,,,,,,,,,,,,,,,,,,,
102,2.349767,118.98.109.82,192.168.1.6,UDP,1392,443  >  61674 Len=1350,,,,,,,,,,,,,,,,,,,,
103,2.349767,118.98.109.82,192.168.1.6,UDP,1392,443  >  61674 Len=1350,,,,,,,,,,,,,,,,,,,,
104,2.349767,118.98.109.82,192.168.1.6,UDP,1392,443  >  61674 Len=1350,,,,,,,,,,,,,,,,,,,,
105,2.350643,118.98.109.82,192.168.1.6,UDP,1392,443  >  61674 Len=1350,,,,,,,,,,,,,,,,,,,,
106,2.350643,118.98.109.82,192.168.1.6,UDP,1392,443  >  61674 Len=1350,,,,,,,,,,,,,,,,,,,,
107,2.350643,118.98.109.82,192.168.1.6,UDP,1392,443  >  61674 Len=1350,,,,,,,,,,,,,,,,,,,,
108,2.350643,118.98.109.82,192.168.1.6,UDP,1392,443  >  61674 Len=1350,,,,,,,,,,,,,,,,,,,,
109,2.350643,118.98.109.82,192.168.1.6,UDP,1392,443  >  61674 Len=1350,,,,,,,,,,,,,,,,,,,,
110,2.350643,118.98.109.82,192.168.1.6,UDP,1392,443  >  61674 Len=1350,,,,,,,,,,,,,,,,,,,,
111,2.350643,118.98.109.82,192.168.1.6,UDP,1392,443  >  61674 Len=1350,,,,,,,,,,,,,,,,,,,,
112,2.350643,118.98.109.82,192.168.1.6,UDP,1392,443  >  61674 Len=1350,,,,,,,,,,,,,,,,,,,,
113,2.350643,118.98.109.82,192.168.1.6,UDP,1392,443  >  61674 Len=1350,,,,,,,,,,,,,,,,,,,,
114,2.350947,192.168.1.6,118.98.109.82,UDP,75,61674  >  443 Len=33,,,,,,,,,,,,,,,,,,,,
115,2.35146,192.168.1.6,118.98.109.82,UDP,75,61674  >  443 Len=33,,,,,,,,,,,,,,,,,,,,
116,2.353723,118.98.109.82,192.168.1.6,UDP,1392,443  >  61674 Len=1350,,,,,,,,,,,,,,,,,,,,
117,2.353723,118.98.109.82,192.168.1.6,UDP,1392,443  >  61674 Len=1350,,,,,,,,,,,,,,,,,,,,
118,2.353723,118.98.109.82,192.168.1.6,UDP,1392,443  >  61674 Len=1350,,,,,,,,,,,,,,,,,,,,
119,2.353723,118.98.109.82,192.168.1.6,UDP,1392,443  >  61674 Len=1350,,,,,,,,,,,,,,,,,,,,
120,2.353723,118.98.109.82,192.168.1.6,UDP,1392,443  >  61674 Len=1350,,,,,,,,,,,,,,,,,,,,
121,2.353723,118.98.109.82,192.168.1.6,UDP,1392,443  >  61674 Len=1350,,,,,,,,,,,,,,,,,,,,
122,2.353723,118.98.109.82,192.168.1.6,UDP,1392,443  >  61674 Len=1350,,,,,,,,,,,,,,,,,,,,
123,2.353723,118.98.109.82,192.168.1.6,UDP,1392,443  >  61674 Len=1350,,,,,,,,,,,,,,,,,,,,
124,2.353723,118.98.109.82,192.168.1.6,UDP,1392,443  >  61674 Len=1350,,,,,,,,,,,,,,,,,,,,
125,2.353723,118.98.109.82,192.168.1.6,UDP,1392,443  >  61674 Len=1350,,,,,,,,,,,,,,,,,,,,
126,2.353723,118.98.109.82,192.168.1.6,UDP,1392,443  >  61674 Len=1350,,,,,,,,,,,,,,,,,,,,
127,2.353723,118.98.109.82,192.168.1.6,UDP,1392,443  >  61674 Len=1350,,,,,,,,,,,,,,,,,,,,
128,2.354407,192.168.1.6,118.98.109.82,UDP,75,61674  >  443 Len=33,,,,,,,,,,,,,,,,,,,,
129,2.354865,192.168.1.6,118.98.109.82,UDP,75,61674  >  443 Len=33,,,,,,,,,,,,,,,,,,,,
130,2.355655,118.98.109.82,192.168.1.6,UDP,1392,443  >  61674 Len=1350,,,,,,,,,,,,,,,,,,,,
131,2.355655,118.98.109.82,192.168.1.6,UDP,1392,443  >  61674 Len=1350,,,,,,,,,,,,,,,,,,,,
132,2.355655,118.98.109.82,192.168.1.6,UDP,1392,443  >  61674 Len=1350,,,,,,,,,,,,,,,,,,,,
133,2.355655,118.98.109.82,192.168.1.6,UDP,1392,443  >  61674 Len=1350,,,,,,,,,,,,,,,,,,,,
134,2.355655,118.98.109.82,192.168.1.6,UDP,1392,443  >  61674 Len=1350,,,,,,,,,,,,,,,,,,,,
135,2.355655,118.98.109.82,192.168.1.6,UDP,1392,443  >  61674 Len=1350,,,,,,,,,,,,,,,,,,,,
136,2.355655,118.98.109.82,192.168.1.6,UDP,1392,443  >  61674 Len=1350,,,,,,,,,,,,,,,,,,,,
137,2.355655,118.98.109.82,192.168.1.6,UDP,1392,443  >  61674 Len=1350,,,,,,,,,,,,,,,,,,,,
138,2.355655,118.98.109.82,192.168.1.6,UDP,1392,443  >  61674 Len=1350,,,,,,,,,,,,,,,,,,,,
139,2.356154,192.168.1.6,118.98.109.82,UDP,75,61674  >  443 Len=33,,,,,,,,,,,,,,,,,,,,
140,2.357598,192.168.1.6,118.98.109.82,UDP,75,61674  >  443 Len=33,,,,,,,,,,,,,,,,,,,,
141,2.357688,118.98.109.82,192.168.1.6,UDP,1392,443  >  61674 Len=1350,,,,,,,,,,,,,,,,,,,,
142,2.357688,118.98.109.82,192.168.1.6,UDP,1392,443  >  61674 Len=1350,,,,,,,,,,,,,,,,,,,,
143,2.357688,118.98.109.82,192.168.1.6,UDP,1392,443  >  61674 Len=1350,,,,,,,,,,,,,,,,,,,,
144,2.357688,118.98.109.82,192.168.1.6,UDP,1392,443  >  61674 Len=1350,,,,,,,,,,,,,,,,,,,,
145,2.357688,118.98.109.82,192.168.1.6,UDP,1392,443  >  61674 Len=1350,,,,,,,,,,,,,,,,,,,,
146,2.357688,118.98.109.82,192.168.1.6,UDP,1392,443  >  61674 Len=1350,,,,,,,,,,,,,,,,,,,,
147,2.357688,118.98.109.82,192.168.1.6,UDP,1392,443  >  61674 Len=1350,,,,,,,,,,,,,,,,,,,,
148,2.357688,118.98.109.82,192.168.1.6,UDP,1392,443  >  61674 Len=1350,,,,,,,,,,,,,,,,,,,,
149,2.357688,118.98.109.82,192.168.1.6,UDP,1392,443  >  61674 Len=1350,,,,,,,,,,,,,,,,,,,,
150,2.357688,118.98.109.82,192.168.1.6,UDP,1392,443  >  61674 Len=1350,,,,,,,,,,,,,,,,,,,,
151,2.357688,118.98.109.82,192.168.1.6,UDP,1392,443  >  61674 Len=1350,,,,,,,,,,,,,,,,,,,,
152,2.357688,118.98.109.82,192.168.1.6,UDP,1392,443  >  61674 Len=1350,,,,,,,,,,,,,,,,,,,,
153,2.358447,192.168.1.6,118.98.109.82,UDP,75,61674  >  443 Len=33,,,,,,,,,,,,,,,,,,,,
154,2.359599,192.168.1.6,118.98.109.82,UDP,75,61674  >  443 Len=33,,,,,,,,,,,,,,,,,,,,
155,2.359675,118.98.109.82,192.168.1.6,UDP,1392,443  >  61674 Len=1350,,,,,,,,,,,,,,,,,,,,
156,2.359675,118.98.109.82,192.168.1.6,UDP,1392,443  >  61674 Len=1350,,,,,,,,,,,,,,,,,,,,
157,2.359675,118.98.109.82,192.168.1.6,UDP,1392,443  >  61674 Len=1350,,,,,,,,,,,,,,,,,,,,
158,2.359675,118.98.109.82,192.168.1.6,UDP,1392,443  >  61674 Len=1350,,,,,,,,,,,,,,,,,,,,
159,2.359675,118.98.109.82,192.168.1.6,UDP,1392,443  >  61674 Len=1350,,,,,,,,,,,,,,,,,,,,
160,2.359675,118.98.109.82,192.168.1.6,UDP,1392,443  >  61674 Len=1350,,,,,,,,,,,,,,,,,,,,
161,2.359675,118.98.109.82,192.168.1.6,UDP,1392,443  >  61674 Len=1350,,,,,,,,,,,,,,,,,,,,
162,2.359675,118.98.109.82,192.168.1.6,UDP,1392,443  >  61674 Len=1350,,,,,,,,,,,,,,,,,,,,
163,2.359675,118.98.109.82,192.168.1.6,UDP,1392,443  >  61674 Len=1350,,,,,,,,,,,,,,,,,,,,
164,2.361626,192.168.1.6,118.98.109.82,UDP,88,61674  >  443 Len=46,,,,,,,,,,,,,,,,,,,,
165,2.362707,118.98.109.82,192.168.1.6,UDP,1392,443  >  61674 Len=1350,,,,,,,,,,,,,,,,,,,,
166,2.362707,118.98.109.82,192.168.1.6,UDP,1392,443  >  61674 Len=1350,,,,,,,,,,,,,,,,,,,,
167,2.362707,118.98.109.82,192.168.1.6,UDP,1392,443  >  61674 Len=1350,,,,,,,,,,,,,,,,,,,,
168,2.362707,118.98.109.82,192.168.1.6,UDP,1392,443  >  61674 Len=1350,,,,,,,,,,,,,,,,,,,,
169,2.362707,118.98.109.82,192.168.1.6,UDP,1392,443  >  61674 Len=1350,,,,,,,,,,,,,,,,,,,,
170,2.362707,118.98.109.82,192.168.1.6,UDP,1392,443  >  61674 Len=1350,,,,,,,,,,,,,,,,,,,,
171,2.362707,118.98.109.82,192.168.1.6,UDP,1392,443  >  61674 Len=1350,,,,,,,,,,,,,,,,,,,,
172,2.362707,118.98.109.82,192.168.1.6,UDP,1392,443  >  61674 Len=1350,,,,,,,,,,,,,,,,,,,,
173,2.362707,118.98.109.82,192.168.1.6,UDP,1392,443  >  61674 Len=1350,,,,,,,,,,,,,,,,,,,,
174,2.362707,118.98.109.82,192.168.1.6,UDP,1392,443  >  61674 Len=1350,,,,,,,,,,,,,,,,,,,,
175,2.362707,118.98.109.82,192.168.1.6,UDP,1392,443  >  61674 Len=1350,,,,,,,,,,,,,,,,,,,,
176,2.362707,118.98.109.82,192.168.1.6,UDP,1392,443  >  61674 Len=1350,,,,,,,,,,,,,,,,,,,,
177,2.363861,192.168.1.6,118.98.109.82,UDP,75,61674  >  443 Len=33,,,,,,,,,,,,,,,,,,,,
178,2.364733,118.98.109.82,192.168.1.6,UDP,1392,443  >  61674 Len=1350,,,,,,,,,,,,,,,,,,,,
179,2.364733,118.98.109.82,192.168.1.6,UDP,1392,443  >  61674 Len=1350,,,,,,,,,,,,,,,,,,,,
180,2.364733,118.98.109.82,192.168.1.6,UDP,1392,443  >  61674 Len=1350,,,,,,,,,,,,,,,,,,,,
181,2.364733,118.98.109.82,192.168.1.6,UDP,1392,443  >  61674 Len=1350,,,,,,,,,,,,,,,,,,,,
182,2.364733,118.98.109.82,192.168.1.6,UDP,1392,443  >  61674 Len=1350,,,,,,,,,,,,,,,,,,,,
183,2.364733,118.98.109.82,192.168.1.6,UDP,1392,443  >  61674 Len=1350,,,,,,,,,,,,,,,,,,,,
184,2.364733,118.98.109.82,192.168.1.6,UDP,1392,443  >  61674 Len=1350,,,,,,,,,,,,,,,,,,,,
185,2.364733,118.98.109.82,192.168.1.6,UDP,1392,443  >  61674 Len=1350,,,,,,,,,,,,,,,,,,,,
186,2.364733,118.98.109.82,192.168.1.6,UDP,1392,443  >  61674 Len=1350,,,,,,,,,,,,,,,,,,,,
187,2.365398,192.168.1.6,118.98.109.82,UDP,75,61674  >  443 Len=33,,,,,,,,,,,,,,,,,,,,
188,2.365536,118.98.109.82,192.168.1.6,UDP,1392,443  >  61674 Len=1350,,,,,,,,,,,,,,,,,,,,
189,2.365536,118.98.109.82,192.168.1.6,UDP,1392,443  >  61674 Len=1350,,,,,,,,,,,,,,,,,,,,
190,2.365794,192.168.1.6,118.98.109.82,UDP,75,61674  >  443 Len=33,,,,,,,,,,,,,,,,,,,,
191,2.367737,118.98.109.82,192.168.1.6,UDP,1392,443  >  61674 Len=1350,,,,,,,,,,,,,,,,,,,,
192,2.367737,118.98.109.82,192.168.1.6,UDP,1392,443  >  61674 Len=1350,,,,,,,,,,,,,,,,,,,,
193,2.367737,118.98.109.82,192.168.1.6,UDP,1392,443  >  61674 Len=1350,,,,,,,,,,,,,,,,,,,,
194,2.367737,118.98.109.82,192.168.1.6,UDP,1392,443  >  61674 Len=1350,,,,,,,,,,,,,,,,,,,,
195,2.367737,118.98.109.82,192.168.1.6,UDP,1392,443  >  61674 Len=1350,,,,,,,,,,,,,,,,,,,,
196,2.367737,118.98.109.82,192.168.1.6,UDP,1392,443  >  61674 Len=1350,,,,,,,,,,,,,,,,,,,,
197,2.367737,118.98.109.82,192.168.1.6,UDP,1392,443  >  61674 Len=1350,,,,,,,,,,,,,,,,,,,,
198,2.367737,118.98.109.82,192.168.1.6,UDP,1392,443  >  61674 Len=1350,,,,,,,,,,,,,,,,,,,,
199,2.367737,118.98.109.82,192.168.1.6,UDP,1392,443  >  61674 Len=1350,,,,,,,,,,,,,,,,,,,,
200,2.367737,118.98.109.82,192.168.1.6,UDP,1392,443  >  61674 Len=1350,,,,,,,,,,,,,,,,,,,,
201,2.368455,192.168.1.6,118.98.109.82,UDP,75,61674  >  443 Len=33,,,,,,,,,,,,,,,,,,,,
202,2.369656,118.98.109.82,192.168.1.6,UDP,1392,443  >  61674 Len=1350,,,,,,,,,,,,,,,,,,,,
203,2.369656,118.98.109.82,192.168.1.6,UDP,1392,443  >  61674 Len=1350,,,,,,,,,,,,,,,,,,,,
204,2.369656,118.98.109.82,192.168.1.6,UDP,1392,443  >  61674 Len=1350,,,,,,,,,,,,,,,,,,,,
205,2.369656,118.98.109.82,192.168.1.6,UDP,1392,443  >  61674 Len=1350,,,,,,,,,,,,,,,,,,,,
206,2.369656,118.98.109.82,192.168.1.6,UDP,1392,443  >  61674 Len=1350,,,,,,,,,,,,,,,,,,,,
207,2.369656,118.98.109.82,192.168.1.6,UDP,1392,443  >  61674 Len=1350,,,,,,,,,,,,,,,,,,,,
208,2.369656,118.98.109.82,192.168.1.6,UDP,1392,443  >  61674 Len=1350,,,,,,,,,,,,,,,,,,,,
209,2.369656,118.98.109.82,192.168.1.6,UDP,1392,443  >  61674 Len=1350,,,,,,,,,,,,,,,,,,,,
210,2.369656,118.98.109.82,192.168.1.6,UDP,1392,443  >  61674 Len=1350,,,,,,,,,,,,,,,,,,,,
211,2.370658,118.98.109.82,192.168.1.6,UDP,1392,443  >  61674 Len=1350,,,,,,,,,,,,,,,,,,,,
212,2.370658,118.98.109.82,192.168.1.6,UDP,1392,443  >  61674 Len=1350,,,,,,,,,,,,,,,,,,,,
213,2.370658,118.98.109.82,192.168.1.6,UDP,1392,443  >  61674 Len=1350,,,,,,,,,,,,,,,,,,,,
214,2.370658,118.98.109.82,192.168.1.6,UDP,1392,443  >  61674 Len=1350,,,,,,,,,,,,,,,,,,,,
215,2.370658,118.98.109.82,192.168.1.6,UDP,1392,443  >  61674 Len=1350,,,,,,,,,,,,,,,,,,,,
216,2.370658,118.98.109.82,192.168.1.6,UDP,1392,443  >  61674 Len=1350,,,,,,,,,,,,,,,,,,,,
217,2.371292,192.168.1.6,118.98.109.82,UDP,75,61674  >  443 Len=33,,,,,,,,,,,,,,,,,,,,
218,2.371584,118.98.109.82,192.168.1.6,UDP,1392,443  >  61674 Len=1350,,,,,,,,,,,,,,,,,,,,
219,2.371584,118.98.109.82,192.168.1.6,UDP,1392,443  >  61674 Len=1350,,,,,,,,,,,,,,,,,,,,
220,2.371584,118.98.109.82,192.168.1.6,UDP,1392,443  >  61674 Len=1350,,,,,,,,,,,,,,,,,,,,
221,2.371584,118.98.109.82,192.168.1.6,UDP,1392,443  >  61674 Len=1350,,,,,,,,,,,,,,,,,,,,
222,2.371584,118.98.109.82,192.168.1.6,UDP,1392,443  >  61674 Len=1350,,,,,,,,,,,,,,,,,,,,
223,2.371584,118.98.109.82,192.168.1.6,UDP,1392,443  >  61674 Len=1350,,,,,,,,,,,,,,,,,,,,
224,2.372043,192.168.1.6,118.98.109.82,UDP,75,61674  >  443 Len=33,,,,,,,,,,,,,,,,,,,,
225,2.373668,118.98.109.82,192.168.1.6,UDP,1392,443  >  61674 Len=1350,,,,,,,,,,,,,,,,,,,,
226,2.373668,118.98.109.82,192.168.1.6,UDP,1392,443  >  61674 Len=1350,,,,,,,,,,,,,,,,,,,,
227,2.373681,192.168.1.6,118.98.109.82,UDP,75,61674  >  443 Len=33,,,,,,,,,,,,,,,,,,,,
228,2.373668,118.98.109.82,192.168.1.6,UDP,1392,443  >  61674 Len=1350,,,,,,,,,,,,,,,,,,,,
229,2.373668,118.98.109.82,192.168.1.6,UDP,1392,443  >  61674 Len=1350,,,,,,,,,,,,,,,,,,,,
230,2.373668,118.98.109.82,192.168.1.6,UDP,1392,443  >  61674 Len=1350,,,,,,,,,,,,,,,,,,,,
231,2.373668,118.98.109.82,192.168.1.6,UDP,1392,443  >  61674 Len=1350,,,,,,,,,,,,,,,,,,,,
232,2.373668,118.98.109.82,192.168.1.6,UDP,1392,443  >  61674 Len=1350,,,,,,,,,,,,,,,,,,,,
233,2.373668,118.98.109.82,192.168.1.6,UDP,1392,443  >  61674 Len=1350,,,,,,,,,,,,,,,,,,,,
234,2.373668,118.98.109.82,192.168.1.6,UDP,1392,443  >  61674 Len=1350,,,,,,,,,,,,,,,,,,,,
235,2.374567,118.98.109.82,192.168.1.6,UDP,1392,443  >  61674 Len=1350,,,,,,,,,,,,,,,,,,,,
236,2.374567,118.98.109.82,192.168.1.6,UDP,1392,443  >  61674 Len=1350,,,,,,,,,,,,,,,,,,,,
237,2.374567,118.98.109.82,192.168.1.6,UDP,1392,443  >  61674 Len=1350,,,,,,,,,,,,,,,,,,,,
238,2.374567,118.98.109.82,192.168.1.6,UDP,1392,443  >  61674 Len=1350,,,,,,,,,,,,,,,,,,,,
239,2.374567,118.98.109.82,192.168.1.6,UDP,1392,443  >  61674 Len=1350,,,,,,,,,,,,,,,,,,,,
240,2.374951,192.168.1.6,118.98.109.82,UDP,75,61674  >  443 Len=33,,,,,,,,,,,,,,,,,,,,
241,2.3756,118.98.109.82,192.168.1.6,UDP,1392,443  >  61674 Len=1350,,,,,,,,,,,,,,,,,,,,
242,2.3756,118.98.109.82,192.168.1.6,UDP,1392,443  >  61674 Len=1350,,,,,,,,,,,,,,,,,,,,
243,2.3756,118.98.109.82,192.168.1.6,UDP,1392,443  >  61674 Len=1350,,,,,,,,,,,,,,,,,,,,
244,2.3756,118.98.109.82,192.168.1.6,UDP,1392,443  >  61674 Len=1350,,,,,,,,,,,,,,,,,,,,
245,2.3756,118.98.109.82,192.168.1.6,UDP,1392,443  >  61674 Len=1350,,,,,,,,,,,,,,,,,,,,
246,2.3756,118.98.109.82,192.168.1.6,UDP,1392,443  >  61674 Len=1350,,,,,,,,,,,,,,,,,,,,
247,2.3756,118.98.109.82,192.168.1.6,UDP,1392,443  >  61674 Len=1350,,,,,,,,,,,,,,,,,,,,
248,2.376318,192.168.1.6,118.98.109.82,UDP,75,61674  >  443 Len=33,,,,,,,,,,,,,,,,,,,,
249,2.37769,118.98.109.82,192.168.1.6,UDP,1392,443  >  61674 Len=1350,,,,,,,,,,,,,,,,,,,,
250,2.37769,118.98.109.82,192.168.1.6,UDP,1392,443  >  61674 Len=1350,,,,,,,,,,,,,,,,,,,,
251,2.37769,118.98.109.82,192.168.1.6,UDP,1392,443  >  61674 Len=1350,,,,,,,,,,,,,,,,,,,,
252,2.37769,118.98.109.82,192.168.1.6,UDP,1392,443  >  61674 Len=1350,,,,,,,,,,,,,,,,,,,,
253,2.37769,118.98.109.82,192.168.1.6,UDP,1392,443  >  61674 Len=1350,,,,,,,,,,,,,,,,,,,,
254,2.37769,118.98.109.82,192.168.1.6,UDP,1392,443  >  61674 Len=1350,,,,,,,,,,,,,,,,,,,,
255,2.37769,118.98.109.82,192.168.1.6,UDP,1392,443  >  61674 Len=1350,,,,,,,,,,,,,,,,,,,,
256,2.378247,192.168.1.6,118.98.109.82,UDP,75,61674  >  443 Len=33,,,,,,,,,,,,,,,,,,,,
257,2.378596,118.98.109.82,192.168.1.6,UDP,1392,443  >  61674 Len=1350,,,,,,,,,,,,,,,,,,,,
258,2.378596,118.98.109.82,192.168.1.6,UDP,1392,443  >  61674 Len=1350,,,,,,,,,,,,,,,,,,,,
259,2.378596,118.98.109.82,192.168.1.6,UDP,1392,443  >  61674 Len=1350,,,,,,,,,,,,,,,,,,,,
260,2.378596,118.98.109.82,192.168.1.6,UDP,1392,443  >  61674 Len=1350,,,,,,,,,,,,,,,,,,,,
261,2.378596,118.98.109.82,192.168.1.6,UDP,1392,443  >  61674 Len=1350,,,,,,,,,,,,,,,,,,,,
262,2.378596,118.98.109.82,192.168.1.6,UDP,1392,443  >  61674 Len=1350,,,,,,,,,,,,,,,,,,,,
263,2.378596,118.98.109.82,192.168.1.6,UDP,1392,443  >  61674 Len=1350,,,,,,,,,,,,,,,,,,,,
264,2.379079,192.168.1.6,118.98.109.82,UDP,75,61674  >  443 Len=33,,,,,,,,,,,,,,,,,,,,
265,2.379602,118.98.109.82,192.168.1.6,UDP,1392,443  >  61674 Len=1350,,,,,,,,,,,,,,,,,,,,
266,2.379602,118.98.109.82,192.168.1.6,UDP,1392,443  >  61674 Len=1350,,,,,,,,,,,,,,,,,,,,
267,2.379602,118.98.109.82,192.168.1.6,UDP,1392,443  >  61674 Len=1350,,,,,,,,,,,,,,,,,,,,
268,2.379602,118.98.109.82,192.168.1.6,UDP,596,443  >  61674 Len=554,,,,,,,,,,,,,,,,,,,,
269,2.379602,118.98.109.82,192.168.1.6,UDP,69,443  >  61674 Len=27,,,,,,,,,,,,,,,,,,,,
270,2.379602,118.98.109.82,192.168.1.6,UDP,68,443  >  61674 Len=26,,,,,,,,,,,,,,,,,,,,
271,2.38016,192.168.1.6,118.98.109.82,UDP,75,61674  >  443 Len=33,,,,,,,,,,,,,,,,,,,,
272,2.383222,192.168.1.6,118.98.109.82,UDP,75,61674  >  443 Len=33,,,,,,,,,,,,,,,,,,,,
273,3.457233,69.171.250.60,192.168.1.6,TLSv1.2,1286,Application Data,,,,,,,,,,,,,,,,,,,,
274,3.540819,192.168.1.6,69.171.250.60,TCP,54,50826  >  443 [ACK] Seq=1 Ack=2791 Win=511 Len=0,,,,,,,,,,,,,,,,,,,,
275,5.349307,69.171.250.60,192.168.1.6,TLSv1.2,1302,Application Data,,,,,,,,,,,,,,,,,,,,
276,5.444294,192.168.1.6,69.171.250.60,TCP,54,50826  >  443 [ACK] Seq=1 Ack=4039 Win=516 Len=0,,,,,,,,,,,,,,,,,,,,
277,6.421608,69.171.250.60,192.168.1.6,TLSv1.2,422,Application Data,,,,,,,,,,,,,,,,,,,,
278,6.542651,192.168.1.6,69.171.250.60,TCP,54,50826  >  443 [ACK] Seq=1 Ack=4407 Win=515 Len=0,,,,,,,,,,,,,,,,,,,,
279,7.04461,192.168.1.6,69.171.250.60,TLSv1.2,298,Application Data,,,,,,,,,,,,,,,,,,,,
280,7.044836,192.168.1.6,69.171.250.60,TLSv1.2,93,Application Data,,,,,,,,,,,,,,,,,,,,
281,7.062701,69.171.250.60,192.168.1.6,TLSv1.2,89,Application Data,,,,,,,,,,,,,,,,,,,,
282,7.063766,69.171.250.60,192.168.1.6,TCP,1446,443  >  50889 [ACK] Seq=36 Ack=284 Win=269 Len=1392 [TCP segment of a reassembled PDU],,,,,,,,,,,,,,,,,,,,
283,7.063766,69.171.250.60,192.168.1.6,TLSv1.2,1446,Application Data [TCP segment of a reassembled PDU],,,,,,,,,,,,,,,,,,,,
284,7.063856,192.168.1.6,69.171.250.60,TCP,54,50889  >  443 [ACK] Seq=284 Ack=2820 Win=516 Len=0,,,,,,,,,,,,,,,,,,,,
285,7.064979,69.171.250.60,192.168.1.6,TCP,1446,443  >  50889 [ACK] Seq=2820 Ack=284 Win=269 Len=1392 [TCP segment of a reassembled PDU],,,,,,,,,,,,,,,,,,,,
286,7.064979,69.171.250.60,192.168.1.6,TCP,1446,"443  >  50889 [PSH, ACK] Seq=4212 Ack=284 Win=269 Len=1392 [TCP segment of a reassembled PDU]",,,,,,,,,,,,,,,,,,,,
287,7.065068,192.168.1.6,69.171.250.60,TCP,54,50889  >  443 [ACK] Seq=284 Ack=5604 Win=516 Len=0,,,,,,,,,,,,,,,,,,,,
288,7.06553,69.171.250.60,192.168.1.6,TCP,1446,443  >  50889 [ACK] Seq=5604 Ack=284 Win=269 Len=1392 [TCP segment of a reassembled PDU],,,,,,,,,,,,,,,,,,,,
289,7.06553,69.171.250.60,192.168.1.6,TCP,1446,"443  >  50889 [PSH, ACK] Seq=6996 Ack=284 Win=269 Len=1392 [TCP segment of a reassembled PDU]",,,,,,,,,,,,,,,,,,,,
290,7.06553,69.171.250.60,192.168.1.6,TCP,1446,443  >  50889 [ACK] Seq=8388 Ack=284 Win=269 Len=1392 [TCP segment of a reassembled PDU],,,,,,,,,,,,,,,,,,,,
291,7.06553,69.171.250.60,192.168.1.6,TCP,1446,"443  >  50889 [PSH, ACK] Seq=9780 Ack=284 Win=269 Len=1392 [TCP segment of a reassembled PDU]",,,,,,,,,,,,,,,,,,,,
292,7.065652,192.168.1.6,69.171.250.60,TCP,54,50889  >  443 [ACK] Seq=284 Ack=11172 Win=516 Len=0,,,,,,,,,,,,,,,,,,,,
293,7.066588,69.171.250.60,192.168.1.6,TCP,1446,443  >  50889 [ACK] Seq=11172 Ack=284 Win=269 Len=1392 [TCP segment of a reassembled PDU],,,,,,,,,,,,,,,,,,,,
294,7.066686,192.168.1.6,69.171.250.60,TCP,54,50889  >  443 [ACK] Seq=284 Ack=12564 Win=516 Len=0,,,,,,,,,,,,,,,,,,,,
295,7.067615,69.171.250.60,192.168.1.6,TCP,1446,"443  >  50889 [PSH, ACK] Seq=12564 Ack=284 Win=269 Len=1392 [TCP segment of a reassembled PDU]",,,,,,,,,,,,,,,,,,,,
296,7.067615,69.171.250.60,192.168.1.6,TCP,1446,443  >  50889 [ACK] Seq=13956 Ack=284 Win=269 Len=1392 [TCP segment of a reassembled PDU],,,,,,,,,,,,,,,,,,,,
297,7.067615,69.171.250.60,192.168.1.6,TLSv1.2,1446,Application Data [TCP segment of a reassembled PDU],,,,,,,,,,,,,,,,,,,,
298,7.067754,192.168.1.6,69.171.250.60,TCP,54,50889  >  443 [ACK] Seq=284 Ack=16740 Win=516 Len=0,,,,,,,,,,,,,,,,,,,,
299,7.068542,69.171.250.60,192.168.1.6,TCP,1446,443  >  50889 [ACK] Seq=16740 Ack=284 Win=269 Len=1392 [TCP segment of a reassembled PDU],,,,,,,,,,,,,,,,,,,,
300,7.068542,69.171.250.60,192.168.1.6,TLSv1.2,1446,Application Data [TCP segment of a reassembled PDU],,,,,,,,,,,,,,,,,,,,
301,7.068638,192.168.1.6,69.171.250.60,TCP,54,50889  >  443 [ACK] Seq=284 Ack=19524 Win=516 Len=0,,,,,,,,,,,,,,,,,,,,
302,7.069015,69.171.250.60,192.168.1.6,TCP,1446,443  >  50889 [ACK] Seq=19524 Ack=284 Win=269 Len=1392 [TCP segment of a reassembled PDU],,,,,,,,,,,,,,,,,,,,
303,7.069015,69.171.250.60,192.168.1.6,TCP,1446,"443  >  50889 [PSH, ACK] Seq=20916 Ack=284 Win=269 Len=1392 [TCP segment of a reassembled PDU]",,,,,,,,,,,,,,,,,,,,
304,7.069015,69.171.250.60,192.168.1.6,TCP,1446,443  >  50889 [ACK] Seq=22308 Ack=284 Win=269 Len=1392 [TCP segment of a reassembled PDU],,,,,,,,,,,,,,,,,,,,
305,7.069081,192.168.1.6,69.171.250.60,TCP,54,50889  >  443 [ACK] Seq=284 Ack=23700 Win=516 Len=0,,,,,,,,,,,,,,,,,,,,
306,7.069244,69.171.250.60,192.168.1.6,TCP,1446,"443  >  50889 [PSH, ACK] Seq=23700 Ack=284 Win=269 Len=1392 [TCP segment of a reassembled PDU]",,,,,,,,,,,,,,,,,,,,
307,7.069347,69.171.250.60,192.168.1.6,TLSv1.2,471,"Application Data, Application Data",,,,,,,,,,,,,,,,,,,,
308,7.069369,192.168.1.6,69.171.250.60,TCP,54,50889  >  443 [ACK] Seq=284 Ack=25509 Win=516 Len=0,,,,,,,,,,,,,,,,,,,,
309,7.348782,69.171.250.60,192.168.1.6,TLSv1.2,694,Application Data,,,,,,,,,,,,,,,,,,,,
310,7.446453,192.168.1.6,69.171.250.60,TCP,54,50826  >  443 [ACK] Seq=1 Ack=5047 Win=512 Len=0,,,,,,,,,,,,,,,,,,,,
311,8.642686,69.171.250.60,192.168.1.6,TLSv1.2,154,Application Data,,,,,,,,,,,,,,,,,,,,
312,8.839715,192.168.1.6,69.171.250.60,TCP,54,50826  >  443 [ACK] Seq=1 Ack=5147 Win=512 Len=0,,,,,,,,,,,,,,,,,,,,
313,8.848733,69.171.250.60,192.168.1.6,TLSv1.2,154,"[TCP Spurious Retransmission] , Application Data",,,,,,,,,,,,,,,,,,,,
314,8.848805,192.168.1.6,69.171.250.60,TCP,66,[TCP Dup ACK 312#1] 50826  >  443 [ACK] Seq=1 Ack=5147 Win=512 Len=0 SLE=5047 SRE=5147,,,,,,,,,,,,,,,,,,,,
315,9.532423,69.171.250.60,192.168.1.6,TLSv1.2,484,Application Data,,,,,,,,,,,,,,,,,,,,
316,9.642418,192.168.1.6,69.171.250.60,TCP,54,50826  >  443 [ACK] Seq=1 Ack=5577 Win=516 Len=0,,,,,,,,,,,,,,,,,,,,
317,9.910496,192.168.1.6,74.125.130.94,TCP,55,50874  >  443 [ACK] Seq=1 Ack=1 Win=512 Len=1 [TCP segment of a reassembled PDU],,,,,,,,,,,,,,,,,,,,
318,9.928365,74.125.130.94,192.168.1.6,TCP,66,443  >  50874 [ACK] Seq=1 Ack=2 Win=340 Len=0 SLE=1 SRE=2,,,,,,,,,,,,,,,,,,,,
319,12.813577,192.168.1.6,118.98.109.82,UDP,766,61674  >  443 Len=724,,,,,,,,,,,,,,,,,,,,
320,12.817523,118.98.109.82,192.168.1.6,UDP,167,443  >  61674 Len=125,,,,,,,,,,,,,,,,,,,,
321,12.817523,118.98.109.82,192.168.1.6,UDP,1392,443  >  61674 Len=1350,,,,,,,,,,,,,,,,,,,,
322,12.819599,118.98.109.82,192.168.1.6,UDP,1392,443  >  61674 Len=1350,,,,,,,,,,,,,,,,,,,,
323,12.819599,118.98.109.82,192.168.1.6,UDP,1392,443  >  61674 Len=1350,,,,,,,,,,,,,,,,,,,,
324,12.819599,118.98.109.82,192.168.1.6,UDP,1392,443  >  61674 Len=1350,,,,,,,,,,,,,,,,,,,,
325,12.819599,118.98.109.82,192.168.1.6,UDP,1392,443  >  61674 Len=1350,,,,,,,,,,,,,,,,,,,,
326,12.819599,118.98.109.82,192.168.1.6,UDP,1392,443  >  61674 Len=1350,,,,,,,,,,,,,,,,,,,,
327,12.819599,118.98.109.82,192.168.1.6,UDP,1392,443  >  61674 Len=1350,,,,,,,,,,,,,,,,,,,,
328,12.819599,118.98.109.82,192.168.1.6,UDP,1392,443  >  61674 Len=1350,,,,,,,,,,,,,,,,,,,,
329,12.819599,118.98.109.82,192.168.1.6,UDP,1392,443  >  61674 Len=1350,,,,,,,,,,,,,,,,,,,,
330,12.819599,118.98.109.82,192.168.1.6,UDP,1392,443  >  61674 Len=1350,,,,,,,,,,,,,,,,,,,,
331,12.819599,118.98.109.82,192.168.1.6,UDP,1392,443  >  61674 Len=1350,,,,,,,,,,,,,,,,,,,,
332,12.819599,118.98.109.82,192.168.1.6,UDP,1392,443  >  61674 Len=1350,,,,,,,,,,,,,,,,,,,,
333,12.819599,118.98.109.82,192.168.1.6,UDP,1392,443  >  61674 Len=1350,,,,,,,,,,,,,,,,,,,,
334,12.820214,192.168.1.6,118.98.109.82,UDP,75,61674  >  443 Len=33,,,,,,,,,,,,,,,,,,,,
335,12.820497,118.98.109.82,192.168.1.6,UDP,1392,443  >  61674 Len=1350,,,,,,,,,,,,,,,,,,,,
336,12.820497,118.98.109.82,192.168.1.6,UDP,1392,443  >  61674 Len=1350,,,,,,,,,,,,,,,,,,,,
337,12.820507,192.168.1.6,118.98.109.82,UDP,75,61674  >  443 Len=33,,,,,,,,,,,,,,,,,,,,
338,12.820497,118.98.109.82,192.168.1.6,UDP,1392,443  >  61674 Len=1350,,,,,,,,,,,,,,,,,,,,
339,12.820497,118.98.109.82,192.168.1.6,UDP,1392,443  >  61674 Len=1350,,,,,,,,,,,,,,,,,,,,
340,12.82158,192.168.1.6,118.98.109.82,UDP,75,61674  >  443 Len=33,,,,,,,,,,,,,,,,,,,,
341,12.822612,118.98.109.82,192.168.1.6,UDP,1392,443  >  61674 Len=1350,,,,,,,,,,,,,,,,,,,,
342,12.822612,118.98.109.82,192.168.1.6,UDP,1392,443  >  61674 Len=1350,,,,,,,,,,,,,,,,,,,,
343,12.822612,118.98.109.82,192.168.1.6,UDP,1392,443  >  61674 Len=1350,,,,,,,,,,,,,,,,,,,,
344,12.822612,118.98.109.82,192.168.1.6,UDP,1392,443  >  61674 Len=1350,,,,,,,,,,,,,,,,,,,,
345,12.822612,118.98.109.82,192.168.1.6,UDP,1392,443  >  61674 Len=1350,,,,,,,,,,,,,,,,,,,,
346,12.822612,118.98.109.82,192.168.1.6,UDP,1392,443  >  61674 Len=1350,,,,,,,,,,,,,,,,,,,,
347,12.822612,118.98.109.82,192.168.1.6,UDP,1392,443  >  61674 Len=1350,,,,,,,,,,,,,,,,,,,,
348,12.822612,118.98.109.82,192.168.1.6,UDP,1392,443  >  61674 Len=1350,,,,,,,,,,,,,,,,,,,,
349,12.822612,118.98.109.82,192.168.1.6,UDP,1392,443  >  61674 Len=1350,,,,,,,,,,,,,,,,,,,,
350,12.822612,118.98.109.82,192.168.1.6,UDP,1392,443  >  61674 Len=1350,,,,,,,,,,,,,,,,,,,,
351,12.822612,118.98.109.82,192.168.1.6,UDP,1392,443  >  61674 Len=1350,,,,,,,,,,,,,,,,,,,,
352,12.822612,118.98.109.82,192.168.1.6,UDP,1392,443  >  61674 Len=1350,,,,,,,,,,,,,,,,,,,,
353,12.823213,192.168.1.6,118.98.109.82,UDP,75,61674  >  443 Len=33,,,,,,,,,,,,,,,,,,,,
354,12.823515,118.98.109.82,192.168.1.6,UDP,1392,443  >  61674 Len=1350,,,,,,,,,,,,,,,,,,,,
355,12.823515,118.98.109.82,192.168.1.6,UDP,1392,443  >  61674 Len=1350,,,,,,,,,,,,,,,,,,,,
356,12.823515,118.98.109.82,192.168.1.6,UDP,1392,443  >  61674 Len=1350,,,,,,,,,,,,,,,,,,,,
357,12.823515,118.98.109.82,192.168.1.6,UDP,1392,443  >  61674 Len=1350,,,,,,,,,,,,,,,,,,,,
358,12.824564,192.168.1.6,118.98.109.82,UDP,75,61674  >  443 Len=33,,,,,,,,,,,,,,,,,,,,
359,12.825599,118.98.109.82,192.168.1.6,UDP,1392,443  >  61674 Len=1350,,,,,,,,,,,,,,,,,,,,
360,12.825599,118.98.109.82,192.168.1.6,UDP,1392,443  >  61674 Len=1350,,,,,,,,,,,,,,,,,,,,
361,12.825599,118.98.109.82,192.168.1.6,UDP,1392,443  >  61674 Len=1350,,,,,,,,,,,,,,,,,,,,
362,12.825599,118.98.109.82,192.168.1.6,UDP,1392,443  >  61674 Len=1350,,,,,,,,,,,,,,,,,,,,
363,12.825599,118.98.109.82,192.168.1.6,UDP,1392,443  >  61674 Len=1350,,,,,,,,,,,,,,,,,,,,
364,12.825599,118.98.109.82,192.168.1.6,UDP,1392,443  >  61674 Len=1350,,,,,,,,,,,,,,,,,,,,
365,12.825599,118.98.109.82,192.168.1.6,UDP,1392,443  >  61674 Len=1350,,,,,,,,,,,,,,,,,,,,
366,12.825599,118.98.109.82,192.168.1.6,UDP,1392,443  >  61674 Len=1350,,,,,,,,,,,,,,,,,,,,
367,12.825599,118.98.109.82,192.168.1.6,UDP,1392,443  >  61674 Len=1350,,,,,,,,,,,,,,,,,,,,
368,12.825599,118.98.109.82,192.168.1.6,UDP,1392,443  >  61674 Len=1350,,,,,,,,,,,,,,,,,,,,
369,12.825599,118.98.109.82,192.168.1.6,UDP,1392,443  >  61674 Len=1350,,,,,,,,,,,,,,,,,,,,
370,12.825599,118.98.109.82,192.168.1.6,UDP,1392,443  >  61674 Len=1350,,,,,,,,,,,,,,,,,,,,
371,12.826274,192.168.1.6,118.98.109.82,UDP,75,61674  >  443 Len=33,,,,,,,,,,,,,,,,,,,,
372,12.827565,118.98.109.82,192.168.1.6,UDP,1392,443  >  61674 Len=1350,,,,,,,,,,,,,,,,,,,,
373,12.827565,118.98.109.82,192.168.1.6,UDP,1392,443  >  61674 Len=1350,,,,,,,,,,,,,,,,,,,,
374,12.827565,118.98.109.82,192.168.1.6,UDP,1392,443  >  61674 Len=1350,,,,,,,,,,,,,,,,,,,,
375,12.827565,118.98.109.82,192.168.1.6,UDP,1392,443  >  61674 Len=1350,,,,,,,,,,,,,,,,,,,,
376,12.827565,118.98.109.82,192.168.1.6,UDP,1392,443  >  61674 Len=1350,,,,,,,,,,,,,,,,,,,,
377,12.827565,118.98.109.82,192.168.1.6,UDP,1392,443  >  61674 Len=1350,,,,,,,,,,,,,,,,,,,,
378,12.827565,118.98.109.82,192.168.1.6,UDP,1392,443  >  61674 Len=1350,,,,,,,,,,,,,,,,,,,,
379,12.827565,118.98.109.82,192.168.1.6,UDP,1392,443  >  61674 Len=1350,,,,,,,,,,,,,,,,,,,,
380,12.827565,118.98.109.82,192.168.1.6,UDP,1392,443  >  61674 Len=1350,,,,,,,,,,,,,,,,,,,,
381,12.82812,192.168.1.6,118.98.109.82,UDP,75,61674  >  443 Len=33,,,,,,,,,,,,,,,,,,,,
382,12.828507,118.98.109.82,192.168.1.6,UDP,1392,443  >  61674 Len=1350,,,,,,,,,,,,,,,,,,,,
383,12.828507,118.98.109.82,192.168.1.6,DCP-PFT,1392,,,,,,,,,,,,,,,,,,,,,
384,12.828507,118.98.109.82,192.168.1.6,UDP,1392,443  >  61674 Len=1350,,,,,,,,,,,,,,,,,,,,
385,12.828923,192.168.1.6,118.98.109.82,UDP,75,61674  >  443 Len=33,,,,,,,,,,,,,,,,,,,,
386,12.830629,118.98.109.82,192.168.1.6,UDP,1392,443  >  61674 Len=1350,,,,,,,,,,,,,,,,,,,,
387,12.830629,118.98.109.82,192.168.1.6,UDP,1392,443  >  61674 Len=1350,,,,,,,,,,,,,,,,,,,,
388,12.830629,118.98.109.82,192.168.1.6,UDP,1392,443  >  61674 Len=1350,,,,,,,,,,,,,,,,,,,,
389,12.830629,118.98.109.82,192.168.1.6,UDP,1392,443  >  61674 Len=1350,,,,,,,,,,,,,,,,,,,,
390,12.830629,118.98.109.82,192.168.1.6,UDP,1392,443  >  61674 Len=1350,,,,,,,,,,,,,,,,,,,,
391,12.830629,118.98.109.82,192.168.1.6,UDP,1392,443  >  61674 Len=1350,,,,,,,,,,,,,,,,,,,,
392,12.830629,118.98.109.82,192.168.1.6,UDP,1392,443  >  61674 Len=1350,,,,,,,,,,,,,,,,,,,,
393,12.830629,118.98.109.82,192.168.1.6,UDP,1392,443  >  61674 Len=1350,,,,,,,,,,,,,,,,,,,,
394,12.830629,118.98.109.82,192.168.1.6,UDP,1392,443  >  61674 Len=1350,,,,,,,,,,,,,,,,,,,,
395,12.831175,192.168.1.6,118.98.109.82,UDP,75,61674  >  443 Len=33,,,,,,,,,,,,,,,,,,,,
396,12.831547,118.98.109.82,192.168.1.6,UDP,1392,443  >  61674 Len=1350,,,,,,,,,,,,,,,,,,,,
397,12.832641,192.168.1.6,118.98.109.82,UDP,75,61674  >  443 Len=33,,,,,,,,,,,,,,,,,,,,
398,12.834629,118.98.109.82,192.168.1.6,UDP,1392,443  >  61674 Len=1350,,,,,,,,,,,,,,,,,,,,
399,12.834629,118.98.109.82,192.168.1.6,UDP,1392,443  >  61674 Len=1350,,,,,,,,,,,,,,,,,,,,
400,12.834629,118.98.109.82,192.168.1.6,UDP,1392,443  >  61674 Len=1350,,,,,,,,,,,,,,,,,,,,
401,12.834629,118.98.109.82,192.168.1.6,UDP,1392,443  >  61674 Len=1350,,,,,,,,,,,,,,,,,,,,
402,12.834629,118.98.109.82,192.168.1.6,UDP,1392,443  >  61674 Len=1350,,,,,,,,,,,,,,,,,,,,
403,12.834629,118.98.109.82,192.168.1.6,UDP,1392,443  >  61674 Len=1350,,,,,,,,,,,,,,,,,,,,
404,12.834629,118.98.109.82,192.168.1.6,UDP,1392,443  >  61674 Len=1350,,,,,,,,,,,,,,,,,,,,
405,12.834629,118.98.109.82,192.168.1.6,UDP,1392,443  >  61674 Len=1350,,,,,,,,,,,,,,,,,,,,
406,12.834629,118.98.109.82,192.168.1.6,UDP,1392,443  >  61674 Len=1350,,,,,,,,,,,,,,,,,,,,
407,12.834629,118.98.109.82,192.168.1.6,UDP,1392,443  >  61674 Len=1350,,,,,,,,,,,,,,,,,,,,
408,12.834629,118.98.109.82,192.168.1.6,UDP,1392,443  >  61674 Len=1350,,,,,,,,,,,,,,,,,,,,
409,12.834629,118.98.109.82,192.168.1.6,UDP,1392,443  >  61674 Len=1350,,,,,,,,,,,,,,,,,,,,
410,12.834629,118.98.109.82,192.168.1.6,UDP,1392,443  >  61674 Len=1350,,,,,,,,,,,,,,,,,,,,
411,12.834629,118.98.109.82,192.168.1.6,UDP,1392,443  >  61674 Len=1350,,,,,,,,,,,,,,,,,,,,
412,12.835293,192.168.1.6,118.98.109.82,UDP,75,61674  >  443 Len=33,,,,,,,,,,,,,,,,,,,,
413,12.836514,192.168.1.6,118.98.109.82,UDP,75,61674  >  443 Len=33,,,,,,,,,,,,,,,,,,,,
414,12.838763,118.98.109.82,192.168.1.6,UDP,1392,443  >  61674 Len=1350,,,,,,,,,,,,,,,,,,,,
415,12.838763,118.98.109.82,192.168.1.6,UDP,1392,443  >  61674 Len=1350,,,,,,,,,,,,,,,,,,,,
416,12.838763,118.98.109.82,192.168.1.6,UDP,1392,443  >  61674 Len=1350,,,,,,,,,,,,,,,,,,,,
417,12.838763,118.98.109.82,192.168.1.6,UDP,1392,443  >  61674 Len=1350,,,,,,,,,,,,,,,,,,,,
418,12.838763,118.98.109.82,192.168.1.6,UDP,1392,443  >  61674 Len=1350,,,,,,,,,,,,,,,,,,,,
419,12.838763,118.98.109.82,192.168.1.6,UDP,1392,443  >  61674 Len=1350,,,,,,,,,,,,,,,,,,,,
420,12.838763,118.98.109.82,192.168.1.6,UDP,1392,443  >  61674 Len=1350,,,,,,,,,,,,,,,,,,,,
421,12.838763,118.98.109.82,192.168.1.6,UDP,1392,443  >  61674 Len=1350,,,,,,,,,,,,,,,,,,,,
422,12.838763,118.98.109.82,192.168.1.6,UDP,1392,443  >  61674 Len=1350,,,,,,,,,,,,,,,,,,,,
423,12.838763,118.98.109.82,192.168.1.6,UDP,1392,443  >  61674 Len=1350,,,,,,,,,,,,,,,,,,,,
424,12.838763,118.98.109.82,192.168.1.6,UDP,1392,443  >  61674 Len=1350,,,,,,,,,,,,,,,,,,,,
425,12.838763,118.98.109.82,192.168.1.6,UDP,1392,443  >  61674 Len=1350,,,,,,,,,,,,,,,,,,,,
426,12.838763,118.98.109.82,192.168.1.6,UDP,1392,443  >  61674 Len=1350,,,,,,,,,,,,,,,,,,,,
427,12.838763,118.98.109.82,192.168.1.6,UDP,1392,443  >  61674 Len=1350,,,,,,,,,,,,,,,,,,,,
428,12.838763,118.98.109.82,192.168.1.6,UDP,1392,443  >  61674 Len=1350,,,,,,,,,,,,,,,,,,,,
429,12.838763,118.98.109.82,192.168.1.6,UDP,1392,443  >  61674 Len=1350,,,,,,,,,,,,,,,,,,,,
430,12.838763,118.98.109.82,192.168.1.6,UDP,1392,443  >  61674 Len=1350,,,,,,,,,,,,,,,,,,,,
431,12.838763,118.98.109.82,192.168.1.6,UDP,1392,443  >  61674 Len=1350,,,,,,,,,,,,,,,,,,,,
432,12.838763,118.98.109.82,192.168.1.6,UDP,1392,443  >  61674 Len=1350,,,,,,,,,,,,,,,,,,,,
433,12.838763,118.98.109.82,192.168.1.6,UDP,1392,443  >  61674 Len=1350,,,,,,,,,,,,,,,,,,,,
434,12.838763,118.98.109.82,192.168.1.6,UDP,1392,443  >  61674 Len=1350,,,,,,,,,,,,,,,,,,,,
435,12.838763,118.98.109.82,192.168.1.6,UDP,1392,443  >  61674 Len=1350,,,,,,,,,,,,,,,,,,,,
436,12.838763,118.98.109.82,192.168.1.6,UDP,1392,443  >  61674 Len=1350,,,,,,,,,,,,,,,,,,,,
437,12.838763,118.98.109.82,192.168.1.6,UDP,1392,443  >  61674 Len=1350,,,,,,,,,,,,,,,,,,,,
438,12.838763,118.98.109.82,192.168.1.6,UDP,1392,443  >  61674 Len=1350,,,,,,,,,,,,,,,,,,,,
439,12.839746,192.168.1.6,118.98.109.82,UDP,75,61674  >  443 Len=33,,,,,,,,,,,,,,,,,,,,
440,12.84004,192.168.1.6,118.98.109.82,UDP,75,61674  >  443 Len=33,,,,,,,,,,,,,,,,,,,,
441,12.840649,118.98.109.82,192.168.1.6,UDP,1392,443  >  61674 Len=1350,,,,,,,,,,,,,,,,,,,,
442,12.840649,118.98.109.82,192.168.1.6,UDP,1392,443  >  61674 Len=1350,,,,,,,,,,,,,,,,,,,,
443,12.840649,118.98.109.82,192.168.1.6,UDP,1392,443  >  61674 Len=1350,,,,,,,,,,,,,,,,,,,,
444,12.840649,118.98.109.82,192.168.1.6,UDP,1392,443  >  61674 Len=1350,,,,,,,,,,,,,,,,,,,,
445,12.840649,118.98.109.82,192.168.1.6,UDP,1392,443  >  61674 Len=1350,,,,,,,,,,,,,,,,,,,,
446,12.840649,118.98.109.82,192.168.1.6,UDP,1392,443  >  61674 Len=1350,,,,,,,,,,,,,,,,,,,,
447,12.840649,118.98.109.82,192.168.1.6,UDP,1392,443  >  61674 Len=1350,,,,,,,,,,,,,,,,,,,,
448,12.840649,118.98.109.82,192.168.1.6,UDP,1392,443  >  61674 Len=1350,,,,,,,,,,,,,,,,,,,,
449,12.840649,118.98.109.82,192.168.1.6,UDP,1392,443  >  61674 Len=1350,,,,,,,,,,,,,,,,,,,,
450,12.841644,192.168.1.6,118.98.109.82,UDP,75,61674  >  443 Len=33,,,,,,,,,,,,,,,,,,,,
451,12.842624,118.98.109.82,192.168.1.6,UDP,1392,443  >  61674 Len=1350,,,,,,,,,,,,,,,,,,,,
452,12.842624,118.98.109.82,192.168.1.6,UDP,1392,443  >  61674 Len=1350,,,,,,,,,,,,,,,,,,,,
453,12.842624,118.98.109.82,192.168.1.6,UDP,1392,443  >  61674 Len=1350,,,,,,,,,,,,,,,,,,,,
454,12.842624,118.98.109.82,192.168.1.6,UDP,1392,443  >  61674 Len=1350,,,,,,,,,,,,,,,,,,,,
455,12.842624,118.98.109.82,192.168.1.6,UDP,1392,443  >  61674 Len=1350,,,,,,,,,,,,,,,,,,,,
456,12.842624,118.98.109.82,192.168.1.6,UDP,1392,443  >  61674 Len=1350,,,,,,,,,,,,,,,,,,,,
457,12.842624,118.98.109.82,192.168.1.6,UDP,1392,443  >  61674 Len=1350,,,,,,,,,,,,,,,,,,,,
458,12.842624,118.98.109.82,192.168.1.6,UDP,1392,443  >  61674 Len=1350,,,,,,,,,,,,,,,,,,,,
459,12.842624,118.98.109.82,192.168.1.6,UDP,1392,443  >  61674 Len=1350,,,,,,,,,,,,,,,,,,,,
460,12.842624,118.98.109.82,192.168.1.6,UDP,1392,443  >  61674 Len=1350,,,,,,,,,,,,,,,,,,,,
461,12.842624,118.98.109.82,192.168.1.6,UDP,1392,443  >  61674 Len=1350,,,,,,,,,,,,,,,,,,,,
462,12.842624,118.98.109.82,192.168.1.6,UDP,1392,443  >  61674 Len=1350,,,,,,,,,,,,,,,,,,,,
463,12.843402,192.168.1.6,118.98.109.82,UDP,75,61674  >  443 Len=33,,,,,,,,,,,,,,,,,,,,
464,12.8438,192.168.1.6,118.98.109.82,UDP,75,61674  >  443 Len=33,,,,,,,,,,,,,,,,,,,,
465,12.844649,118.98.109.82,192.168.1.6,UDP,1392,443  >  61674 Len=1350,,,,,,,,,,,,,,,,,,,,
466,12.844649,118.98.109.82,192.168.1.6,UDP,1392,443  >  61674 Len=1350,,,,,,,,,,,,,,,,,,,,
467,12.844649,118.98.109.82,192.168.1.6,UDP,1392,443  >  61674 Len=1350,,,,,,,,,,,,,,,,,,,,
468,12.844649,118.98.109.82,192.168.1.6,UDP,1392,443  >  61674 Len=1350,,,,,,,,,,,,,,,,,,,,
469,12.844649,118.98.109.82,192.168.1.6,UDP,1392,443  >  61674 Len=1350,,,,,,,,,,,,,,,,,,,,
470,12.844649,118.98.109.82,192.168.1.6,UDP,1392,443  >  61674 Len=1350,,,,,,,,,,,,,,,,,,,,
471,12.844649,118.98.109.82,192.168.1.6,UDP,1392,443  >  61674 Len=1350,,,,,,,,,,,,,,,,,,,,
472,12.845112,192.168.1.6,118.98.109.82,UDP,75,61674  >  443 Len=33,,,,,,,,,,,,,,,,,,,,
473,12.845536,118.98.109.82,192.168.1.6,UDP,1392,443  >  61674 Len=1350,,,,,,,,,,,,,,,,,,,,
474,12.845536,118.98.109.82,192.168.1.6,UDP,1392,443  >  61674 Len=1350,,,,,,,,,,,,,,,,,,,,
475,12.845536,118.98.109.82,192.168.1.6,UDP,1392,443  >  61674 Len=1350,,,,,,,,,,,,,,,,,,,,
476,12.845536,118.98.109.82,192.168.1.6,UDP,1392,443  >  61674 Len=1350,,,,,,,,,,,,,,,,,,,,
477,12.845536,118.98.109.82,192.168.1.6,UDP,1392,443  >  61674 Len=1350,,,,,,,,,,,,,,,,,,,,
478,12.845536,118.98.109.82,192.168.1.6,UDP,1392,443  >  61674 Len=1350,,,,,,,,,,,,,,,,,,,,
479,12.845983,192.168.1.6,118.98.109.82,UDP,75,61674  >  443 Len=33,,,,,,,,,,,,,,,,,,,,
480,12.847638,192.168.1.6,118.98.109.82,UDP,88,61674  >  443 Len=46,,,,,,,,,,,,,,,,,,,,
481,12.847657,118.98.109.82,192.168.1.6,UDP,1392,443  >  61674 Len=1350,,,,,,,,,,,,,,,,,,,,
482,12.847657,118.98.109.82,192.168.1.6,UDP,1392,443  >  61674 Len=1350,,,,,,,,,,,,,,,,,,,,
483,12.847657,118.98.109.82,192.168.1.6,UDP,1392,443  >  61674 Len=1350,,,,,,,,,,,,,,,,,,,,
484,12.847657,118.98.109.82,192.168.1.6,UDP,1392,443  >  61674 Len=1350,,,,,,,,,,,,,,,,,,,,
485,12.847657,118.98.109.82,192.168.1.6,UDP,1392,443  >  61674 Len=1350,,,,,,,,,,,,,,,,,,,,
486,12.847657,118.98.109.82,192.168.1.6,UDP,1392,443  >  61674 Len=1350,,,,,,,,,,,,,,,,,,,,
487,12.847657,118.98.109.82,192.168.1.6,UDP,1392,443  >  61674 Len=1350,,,,,,,,,,,,,,,,,,,,
488,12.847657,118.98.109.82,192.168.1.6,UDP,1392,443  >  61674 Len=1350,,,,,,,,,,,,,,,,,,,,
489,12.848863,118.98.109.82,192.168.1.6,UDP,1392,443  >  61674 Len=1350,,,,,,,,,,,,,,,,,,,,
490,12.848863,118.98.109.82,192.168.1.6,UDP,1392,443  >  61674 Len=1350,,,,,,,,,,,,,,,,,,,,
491,12.848863,118.98.109.82,192.168.1.6,UDP,1392,443  >  61674 Len=1350,,,,,,,,,,,,,,,,,,,,
492,12.848863,118.98.109.82,192.168.1.6,UDP,1392,443  >  61674 Len=1350,,,,,,,,,,,,,,,,,,,,
493,12.848863,118.98.109.82,192.168.1.6,UDP,1392,443  >  61674 Len=1350,,,,,,,,,,,,,,,,,,,,
494,12.848863,118.98.109.82,192.168.1.6,UDP,1392,443  >  61674 Len=1350,,,,,,,,,,,,,,,,,,,,
495,12.848863,118.98.109.82,192.168.1.6,UDP,1392,443  >  61674 Len=1350,,,,,,,,,,,,,,,,,,,,
496,12.848863,118.98.109.82,192.168.1.6,UDP,1392,443  >  61674 Len=1350,,,,,,,,,,,,,,,,,,,,
497,12.848863,118.98.109.82,192.168.1.6,UDP,1392,443  >  61674 Len=1350,,,,,,,,,,,,,,,,,,,,
498,12.849338,192.168.1.6,118.98.109.82,UDP,75,61674  >  443 Len=33,,,,,,,,,,,,,,,,,,,,
499,12.8506,192.168.1.6,118.98.109.82,UDP,75,61674  >  443 Len=33,,,,,,,,,,,,,,,,,,,,
500,12.851636,118.98.109.82,192.168.1.6,UDP,1392,443  >  61674 Len=1350,,,,,,,,,,,,,,,,,,,,
501,12.851636,118.98.109.82,192.168.1.6,UDP,1392,443  >  61674 Len=1350,,,,,,,,,,,,,,,,,,,,
502,12.851636,118.98.109.82,192.168.1.6,UDP,1392,443  >  61674 Len=1350,,,,,,,,,,,,,,,,,,,,
503,12.851636,118.98.109.82,192.168.1.6,UDP,1392,443  >  61674 Len=1350,,,,,,,,,,,,,,,,,,,,
504,12.851636,118.98.109.82,192.168.1.6,UDP,1392,443  >  61674 Len=1350,,,,,,,,,,,,,,,,,,,,
505,12.851636,118.98.109.82,192.168.1.6,UDP,1392,443  >  61674 Len=1350,,,,,,,,,,,,,,,,,,,,
506,12.851636,118.98.109.82,192.168.1.6,UDP,1392,443  >  61674 Len=1350,,,,,,,,,,,,,,,,,,,,
507,12.851636,118.98.109.82,192.168.1.6,UDP,1392,443  >  61674 Len=1350,,,,,,,,,,,,,,,,,,,,
508,12.851636,118.98.109.82,192.168.1.6,UDP,1392,443  >  61674 Len=1350,,,,,,,,,,,,,,,,,,,,
509,12.851636,118.98.109.82,192.168.1.6,UDP,1392,443  >  61674 Len=1350,,,,,,,,,,,,,,,,,,,,
510,12.851636,118.98.109.82,192.168.1.6,UDP,1392,443  >  61674 Len=1350,,,,,,,,,,,,,,,,,,,,
511,12.851636,118.98.109.82,192.168.1.6,UDP,1392,443  >  61674 Len=1350,,,,,,,,,,,,,,,,,,,,
512,12.852304,192.168.1.6,118.98.109.82,UDP,75,61674  >  443 Len=33,,,,,,,,,,,,,,,,,,,,
513,12.852523,118.98.109.82,192.168.1.6,UDP,1392,443  >  61674 Len=1350,,,,,,,,,,,,,,,,,,,,
514,12.854557,118.98.109.82,192.168.1.6,UDP,1392,443  >  61674 Len=1350,,,,,,,,,,,,,,,,,,,,
515,12.854557,118.98.109.82,192.168.1.6,UDP,1392,443  >  61674 Len=1350,,,,,,,,,,,,,,,,,,,,
516,12.854557,118.98.109.82,192.168.1.6,UDP,1392,443  >  61674 Len=1350,,,,,,,,,,,,,,,,,,,,
517,12.85492,192.168.1.6,118.98.109.82,UDP,75,61674  >  443 Len=33,,,,,,,,,,,,,,,,,,,,
518,12.855524,118.98.109.82,192.168.1.6,UDP,1392,443  >  61674 Len=1350,,,,,,,,,,,,,,,,,,,,
519,12.855524,118.98.109.82,192.168.1.6,UDP,1392,443  >  61674 Len=1350,,,,,,,,,,,,,,,,,,,,
520,12.855524,118.98.109.82,192.168.1.6,UDP,1392,443  >  61674 Len=1350,,,,,,,,,,,,,,,,,,,,
521,12.855524,118.98.109.82,192.168.1.6,UDP,1392,443  >  61674 Len=1350,,,,,,,,,,,,,,,,,,,,
522,12.855524,118.98.109.82,192.168.1.6,UDP,1392,443  >  61674 Len=1350,,,,,,,,,,,,,,,,,,,,
523,12.856028,192.168.1.6,118.98.109.82,UDP,75,61674  >  443 Len=33,,,,,,,,,,,,,,,,,,,,
524,12.856513,118.98.109.82,192.168.1.6,UDP,1392,443  >  61674 Len=1350,,,,,,,,,,,,,,,,,,,,
525,12.857583,118.98.109.82,192.168.1.6,UDP,1392,443  >  61674 Len=1350,,,,,,,,,,,,,,,,,,,,
526,12.857583,118.98.109.82,192.168.1.6,UDP,1392,443  >  61674 Len=1350,,,,,,,,,,,,,,,,,,,,
527,12.857583,118.98.109.82,192.168.1.6,UDP,1392,443  >  61674 Len=1350,,,,,,,,,,,,,,,,,,,,
528,12.857983,192.168.1.6,118.98.109.82,UDP,75,61674  >  443 Len=33,,,,,,,,,,,,,,,,,,,,
529,12.859688,118.98.109.82,192.168.1.6,UDP,1392,443  >  61674 Len=1350,,,,,,,,,,,,,,,,,,,,
530,12.859688,118.98.109.82,192.168.1.6,UDP,1392,443  >  61674 Len=1350,,,,,,,,,,,,,,,,,,,,
531,12.859688,118.98.109.82,192.168.1.6,UDP,1392,443  >  61674 Len=1350,,,,,,,,,,,,,,,,,,,,
532,12.859688,118.98.109.82,192.168.1.6,UDP,1392,443  >  61674 Len=1350,,,,,,,,,,,,,,,,,,,,
533,12.859688,118.98.109.82,192.168.1.6,UDP,1392,443  >  61674 Len=1350,,,,,,,,,,,,,,,,,,,,
534,12.859688,118.98.109.82,192.168.1.6,UDP,1392,443  >  61674 Len=1350,,,,,,,,,,,,,,,,,,,,
535,12.859688,118.98.109.82,192.168.1.6,UDP,1392,443  >  61674 Len=1350,,,,,,,,,,,,,,,,,,,,
536,12.859688,118.98.109.82,192.168.1.6,UDP,1392,443  >  61674 Len=1350,,,,,,,,,,,,,,,,,,,,
537,12.859688,118.98.109.82,192.168.1.6,UDP,1392,443  >  61674 Len=1350,,,,,,,,,,,,,,,,,,,,
538,12.859688,118.98.109.82,192.168.1.6,UDP,1392,443  >  61674 Len=1350,,,,,,,,,,,,,,,,,,,,
539,12.859688,118.98.109.82,192.168.1.6,UDP,1392,443  >  61674 Len=1350,,,,,,,,,,,,,,,,,,,,
540,12.859688,118.98.109.82,192.168.1.6,UDP,1392,443  >  61674 Len=1350,,,,,,,,,,,,,,,,,,,,
541,12.860218,192.168.1.6,118.98.109.82,UDP,75,61674  >  443 Len=33,,,,,,,,,,,,,,,,,,,,
542,12.860627,192.168.1.6,118.98.109.82,UDP,75,61674  >  443 Len=33,,,,,,,,,,,,,,,,,,,,
543,12.861635,118.98.109.82,192.168.1.6,UDP,1392,443  >  61674 Len=1350,,,,,,,,,,,,,,,,,,,,
544,12.861635,118.98.109.82,192.168.1.6,UDP,1392,443  >  61674 Len=1350,,,,,,,,,,,,,,,,,,,,
545,12.861635,118.98.109.82,192.168.1.6,UDP,1392,443  >  61674 Len=1350,,,,,,,,,,,,,,,,,,,,
546,12.861635,118.98.109.82,192.168.1.6,UDP,1392,443  >  61674 Len=1350,,,,,,,,,,,,,,,,,,,,
547,12.861635,118.98.109.82,192.168.1.6,UDP,1392,443  >  61674 Len=1350,,,,,,,,,,,,,,,,,,,,
548,12.861635,118.98.109.82,192.168.1.6,UDP,1392,443  >  61674 Len=1350,,,,,,,,,,,,,,,,,,,,
549,12.861635,118.98.109.82,192.168.1.6,UDP,1392,443  >  61674 Len=1350,,,,,,,,,,,,,,,,,,,,
550,12.861635,118.98.109.82,192.168.1.6,UDP,1392,443  >  61674 Len=1350,,,,,,,,,,,,,,,,,,,,
551,12.861635,118.98.109.82,192.168.1.6,UDP,1392,443  >  61674 Len=1350,,,,,,,,,,,,,,,,,,,,
552,12.861635,118.98.109.82,192.168.1.6,UDP,1392,443  >  61674 Len=1350,,,,,,,,,,,,,,,,,,,,
553,12.861635,118.98.109.82,192.168.1.6,UDP,1392,443  >  61674 Len=1350,,,,,,,,,,,,,,,,,,,,
554,12.861635,118.98.109.82,192.168.1.6,UDP,1392,443  >  61674 Len=1350,,,,,,,,,,,,,,,,,,,,
555,12.862648,118.98.109.82,192.168.1.6,UDP,1392,443  >  61674 Len=1350,,,,,,,,,,,,,,,,,,,,
556,12.862648,118.98.109.82,192.168.1.6,UDP,1392,443  >  61674 Len=1350,,,,,,,,,,,,,,,,,,,,
557,12.862648,118.98.109.82,192.168.1.6,UDP,1392,443  >  61674 Len=1350,,,,,,,,,,,,,,,,,,,,
558,12.862648,118.98.109.82,192.168.1.6,UDP,1392,443  >  61674 Len=1350,,,,,,,,,,,,,,,,,,,,
559,12.863081,192.168.1.6,118.98.109.82,UDP,75,61674  >  443 Len=33,,,,,,,,,,,,,,,,,,,,
560,12.86353,118.98.109.82,192.168.1.6,UDP,1392,443  >  61674 Len=1350,,,,,,,,,,,,,,,,,,,,
561,12.86353,118.98.109.82,192.168.1.6,UDP,1392,443  >  61674 Len=1350,,,,,,,,,,,,,,,,,,,,
562,12.86353,118.98.109.82,192.168.1.6,UDP,1392,443  >  61674 Len=1350,,,,,,,,,,,,,,,,,,,,
563,12.864215,192.168.1.6,118.98.109.82,UDP,75,61674  >  443 Len=33,,,,,,,,,,,,,,,,,,,,
564,12.864716,192.168.1.6,118.98.109.82,UDP,75,61674  >  443 Len=33,,,,,,,,,,,,,,,,,,,,
565,12.865635,118.98.109.82,192.168.1.6,UDP,1392,443  >  61674 Len=1350,,,,,,,,,,,,,,,,,,,,
566,12.865635,118.98.109.82,192.168.1.6,UDP,1392,443  >  61674 Len=1350,,,,,,,,,,,,,,,,,,,,
567,12.865635,118.98.109.82,192.168.1.6,UDP,1392,443  >  61674 Len=1350,,,,,,,,,,,,,,,,,,,,
568,12.865635,118.98.109.82,192.168.1.6,UDP,1392,443  >  61674 Len=1350,,,,,,,,,,,,,,,,,,,,
569,12.865635,118.98.109.82,192.168.1.6,UDP,1392,443  >  61674 Len=1350,,,,,,,,,,,,,,,,,,,,
570,12.865635,118.98.109.82,192.168.1.6,UDP,1392,443  >  61674 Len=1350,,,,,,,,,,,,,,,,,,,,
571,12.865635,118.98.109.82,192.168.1.6,UDP,1392,443  >  61674 Len=1350,,,,,,,,,,,,,,,,,,,,
572,12.865635,118.98.109.82,192.168.1.6,UDP,1392,443  >  61674 Len=1350,,,,,,,,,,,,,,,,,,,,
573,12.865635,118.98.109.82,192.168.1.6,UDP,1392,443  >  61674 Len=1350,,,,,,,,,,,,,,,,,,,,
574,12.86618,192.168.1.6,118.98.109.82,UDP,75,61674  >  443 Len=33,,,,,,,,,,,,,,,,,,,,
575,12.866706,118.98.109.82,192.168.1.6,UDP,1392,443  >  61674 Len=1350,,,,,,,,,,,,,,,,,,,,
576,12.866706,118.98.109.82,192.168.1.6,UDP,1392,443  >  61674 Len=1350,,,,,,,,,,,,,,,,,,,,
577,12.866706,118.98.109.82,192.168.1.6,UDP,1392,443  >  61674 Len=1350,,,,,,,,,,,,,,,,,,,,
578,12.866706,118.98.109.82,192.168.1.6,UDP,1392,443  >  61674 Len=1350,,,,,,,,,,,,,,,,,,,,
579,12.866706,118.98.109.82,192.168.1.6,UDP,1392,443  >  61674 Len=1350,,,,,,,,,,,,,,,,,,,,
580,12.866706,118.98.109.82,192.168.1.6,UDP,1392,443  >  61674 Len=1350,,,,,,,,,,,,,,,,,,,,
581,12.866706,118.98.109.82,192.168.1.6,UDP,1392,443  >  61674 Len=1350,,,,,,,,,,,,,,,,,,,,
582,12.866706,118.98.109.82,192.168.1.6,UDP,1392,443  >  61674 Len=1350,,,,,,,,,,,,,,,,,,,,
583,12.866706,118.98.109.82,192.168.1.6,UDP,1392,443  >  61674 Len=1350,,,,,,,,,,,,,,,,,,,,
584,12.867088,192.168.1.6,118.98.109.82,UDP,75,61674  >  443 Len=33,,,,,,,,,,,,,,,,,,,,
585,12.867505,118.98.109.82,192.168.1.6,UDP,1392,443  >  61674 Len=1350,,,,,,,,,,,,,,,,,,,,
586,12.867505,118.98.109.82,192.168.1.6,UDP,1392,443  >  61674 Len=1350,,,,,,,,,,,,,,,,,,,,
587,12.868329,192.168.1.6,118.98.109.82,UDP,75,61674  >  443 Len=33,,,,,,,,,,,,,,,,,,,,
588,12.869642,118.98.109.82,192.168.1.6,UDP,1392,443  >  61674 Len=1350,,,,,,,,,,,,,,,,,,,,
589,12.869642,118.98.109.82,192.168.1.6,UDP,1392,443  >  61674 Len=1350,,,,,,,,,,,,,,,,,,,,
590,12.869642,118.98.109.82,192.168.1.6,UDP,1392,443  >  61674 Len=1350,,,,,,,,,,,,,,,,,,,,
591,12.869642,118.98.109.82,192.168.1.6,UDP,1392,443  >  61674 Len=1350,,,,,,,,,,,,,,,,,,,,
592,12.869642,118.98.109.82,192.168.1.6,UDP,1392,443  >  61674 Len=1350,,,,,,,,,,,,,,,,,,,,
593,12.869642,118.98.109.82,192.168.1.6,UDP,1392,443  >  61674 Len=1350,,,,,,,,,,,,,,,,,,,,
594,12.869642,118.98.109.82,192.168.1.6,UDP,1392,443  >  61674 Len=1350,,,,,,,,,,,,,,,,,,,,
595,12.869642,118.98.109.82,192.168.1.6,UDP,1392,443  >  61674 Len=1350,,,,,,,,,,,,,,,,,,,,
596,12.869642,118.98.109.82,192.168.1.6,UDP,1392,443  >  61674 Len=1350,,,,,,,,,,,,,,,,,,,,
597,12.869642,118.98.109.82,192.168.1.6,UDP,1392,443  >  61674 Len=1350,,,,,,,,,,,,,,,,,,,,
598,12.869642,118.98.109.82,192.168.1.6,UDP,1392,443  >  61674 Len=1350,,,,,,,,,,,,,,,,,,,,
599,12.870166,192.168.1.6,118.98.109.82,UDP,75,61674  >  443 Len=33,,,,,,,,,,,,,,,,,,,,
600,12.870549,118.98.109.82,192.168.1.6,UDP,1392,443  >  61674 Len=1350,,,,,,,,,,,,,,,,,,,,
601,12.870549,118.98.109.82,192.168.1.6,UDP,1392,443  >  61674 Len=1350,,,,,,,,,,,,,,,,,,,,
602,12.870549,118.98.109.82,192.168.1.6,UDP,1392,443  >  61674 Len=1350,,,,,,,,,,,,,,,,,,,,
603,12.870549,118.98.109.82,192.168.1.6,UDP,1392,443  >  61674 Len=1350,,,,,,,,,,,,,,,,,,,,
604,12.870549,118.98.109.82,192.168.1.6,UDP,1392,443  >  61674 Len=1350,,,,,,,,,,,,,,,,,,,,
605,12.870549,118.98.109.82,192.168.1.6,UDP,1392,443  >  61674 Len=1350,,,,,,,,,,,,,,,,,,,,
606,12.870549,118.98.109.82,192.168.1.6,UDP,1392,443  >  61674 Len=1350,,,,,,,,,,,,,,,,,,,,
607,12.870549,118.98.109.82,192.168.1.6,UDP,1392,443  >  61674 Len=1350,,,,,,,,,,,,,,,,,,,,
608,12.87099,192.168.1.6,118.98.109.82,UDP,75,61674  >  443 Len=33,,,,,,,,,,,,,,,,,,,,
609,12.873558,192.168.1.6,118.98.109.82,UDP,75,61674  >  443 Len=33,,,,,,,,,,,,,,,,,,,,
610,12.873653,118.98.109.82,192.168.1.6,UDP,1392,443  >  61674 Len=1350,,,,,,,,,,,,,,,,,,,,
611,12.873653,118.98.109.82,192.168.1.6,UDP,1392,443  >  61674 Len=1350,,,,,,,,,,,,,,,,,,,,
612,12.873653,118.98.109.82,192.168.1.6,UDP,1392,443  >  61674 Len=1350,,,,,,,,,,,,,,,,,,,,
613,12.873653,118.98.109.82,192.168.1.6,UDP,1392,443  >  61674 Len=1350,,,,,,,,,,,,,,,,,,,,
614,12.873653,118.98.109.82,192.168.1.6,UDP,1392,443  >  61674 Len=1350,,,,,,,,,,,,,,,,,,,,
615,12.873653,118.98.109.82,192.168.1.6,UDP,1392,443  >  61674 Len=1350,,,,,,,,,,,,,,,,,,,,
616,12.873653,118.98.109.82,192.168.1.6,UDP,1392,443  >  61674 Len=1350,,,,,,,,,,,,,,,,,,,,
617,12.873653,118.98.109.82,192.168.1.6,UDP,1392,443  >  61674 Len=1350,,,,,,,,,,,,,,,,,,,,
618,12.873653,118.98.109.82,192.168.1.6,UDP,1392,443  >  61674 Len=1350,,,,,,,,,,,,,,,,,,,,
619,12.873653,118.98.109.82,192.168.1.6,UDP,1392,443  >  61674 Len=1350,,,,,,,,,,,,,,,,,,,,
620,12.873653,118.98.109.82,192.168.1.6,UDP,1392,443  >  61674 Len=1350,,,,,,,,,,,,,,,,,,,,
621,12.873653,118.98.109.82,192.168.1.6,UDP,1392,443  >  61674 Len=1350,,,,,,,,,,,,,,,,,,,,
622,12.87442,192.168.1.6,118.98.109.82,UDP,75,61674  >  443 Len=33,,,,,,,,,,,,,,,,,,,,
623,12.87463,118.98.109.82,192.168.1.6,UDP,1392,443  >  61674 Len=1350,,,,,,,,,,,,,,,,,,,,
624,12.87463,118.98.109.82,192.168.1.6,UDP,1392,443  >  61674 Len=1350,,,,,,,,,,,,,,,,,,,,
625,12.87463,118.98.109.82,192.168.1.6,UDP,1392,443  >  61674 Len=1350,,,,,,,,,,,,,,,,,,,,
626,12.87463,118.98.109.82,192.168.1.6,UDP,1392,443  >  61674 Len=1350,,,,,,,,,,,,,,,,,,,,
627,12.87463,118.98.109.82,192.168.1.6,UDP,1392,443  >  61674 Len=1350,,,,,,,,,,,,,,,,,,,,
628,12.87463,118.98.109.82,192.168.1.6,UDP,1392,443  >  61674 Len=1350,,,,,,,,,,,,,,,,,,,,
629,12.87463,118.98.109.82,192.168.1.6,UDP,1392,443  >  61674 Len=1350,,,,,,,,,,,,,,,,,,,,
630,12.875532,192.168.1.6,118.98.109.82,UDP,75,61674  >  443 Len=33,,,,,,,,,,,,,,,,,,,,
631,12.875561,118.98.109.82,192.168.1.6,UDP,1392,443  >  61674 Len=1350,,,,,,,,,,,,,,,,,,,,
632,12.875561,118.98.109.82,192.168.1.6,UDP,1392,443  >  61674 Len=1350,,,,,,,,,,,,,,,,,,,,
633,12.877655,118.98.109.82,192.168.1.6,UDP,1392,443  >  61674 Len=1350,,,,,,,,,,,,,,,,,,,,
634,12.877655,118.98.109.82,192.168.1.6,UDP,1392,443  >  61674 Len=1350,,,,,,,,,,,,,,,,,,,,
635,12.877655,118.98.109.82,192.168.1.6,UDP,1392,443  >  61674 Len=1350,,,,,,,,,,,,,,,,,,,,
636,12.877655,118.98.109.82,192.168.1.6,UDP,1392,443  >  61674 Len=1350,,,,,,,,,,,,,,,,,,,,
637,12.877655,118.98.109.82,192.168.1.6,UDP,1392,443  >  61674 Len=1350,,,,,,,,,,,,,,,,,,,,
638,12.877655,118.98.109.82,192.168.1.6,UDP,1392,443  >  61674 Len=1350,,,,,,,,,,,,,,,,,,,,
639,12.877655,118.98.109.82,192.168.1.6,UDP,1392,443  >  61674 Len=1350,,,,,,,,,,,,,,,,,,,,
640,12.877655,118.98.109.82,192.168.1.6,UDP,1392,443  >  61674 Len=1350,,,,,,,,,,,,,,,,,,,,
641,12.877655,118.98.109.82,192.168.1.6,UDP,1392,443  >  61674 Len=1350,,,,,,,,,,,,,,,,,,,,
642,12.877655,118.98.109.82,192.168.1.6,UDP,1392,443  >  61674 Len=1350,,,,,,,,,,,,,,,,,,,,
643,12.877655,118.98.109.82,192.168.1.6,UDP,1392,443  >  61674 Len=1350,,,,,,,,,,,,,,,,,,,,
644,12.877655,118.98.109.82,192.168.1.6,UDP,1392,443  >  61674 Len=1350,,,,,,,,,,,,,,,,,,,,
645,12.878236,192.168.1.6,118.98.109.82,UDP,88,61674  >  443 Len=46,,,,,,,,,,,,,,,,,,,,
646,12.878621,192.168.1.6,118.98.109.82,UDP,75,61674  >  443 Len=33,,,,,,,,,,,,,,,,,,,,
647,12.879729,118.98.109.82,192.168.1.6,UDP,1392,443  >  61674 Len=1350,,,,,,,,,,,,,,,,,,,,
648,12.879729,118.98.109.82,192.168.1.6,UDP,1392,443  >  61674 Len=1350,,,,,,,,,,,,,,,,,,,,
649,12.879729,118.98.109.82,192.168.1.6,UDP,1392,443  >  61674 Len=1350,,,,,,,,,,,,,,,,,,,,
650,12.879729,118.98.109.82,192.168.1.6,UDP,1392,443  >  61674 Len=1350,,,,,,,,,,,,,,,,,,,,
651,12.879729,118.98.109.82,192.168.1.6,UDP,1392,443  >  61674 Len=1350,,,,,,,,,,,,,,,,,,,,
652,12.879729,118.98.109.82,192.168.1.6,UDP,1392,443  >  61674 Len=1350,,,,,,,,,,,,,,,,,,,,
653,12.879729,118.98.109.82,192.168.1.6,UDP,1392,443  >  61674 Len=1350,,,,,,,,,,,,,,,,,,,,
654,12.879729,118.98.109.82,192.168.1.6,UDP,1392,443  >  61674 Len=1350,,,,,,,,,,,,,,,,,,,,
655,12.879729,118.98.109.82,192.168.1.6,UDP,1392,443  >  61674 Len=1350,,,,,,,,,,,,,,,,,,,,
656,12.880532,118.98.109.82,192.168.1.6,UDP,1392,443  >  61674 Len=1350,,,,,,,,,,,,,,,,,,,,
657,12.880532,118.98.109.82,192.168.1.6,UDP,1392,443  >  61674 Len=1350,,,,,,,,,,,,,,,,,,,,
658,12.880532,118.98.109.82,192.168.1.6,UDP,1392,443  >  61674 Len=1350,,,,,,,,,,,,,,,,,,,,
659,12.880532,118.98.109.82,192.168.1.6,UDP,1392,443  >  61674 Len=1350,,,,,,,,,,,,,,,,,,,,
660,12.880532,118.98.109.82,192.168.1.6,UDP,1392,443  >  61674 Len=1350,,,,,,,,,,,,,,,,,,,,
661,12.880583,192.168.1.6,118.98.109.82,UDP,75,61674  >  443 Len=33,,,,,,,,,,,,,,,,,,,,
662,12.880992,192.168.1.6,118.98.109.82,UDP,75,61674  >  443 Len=33,,,,,,,,,,,,,,,,,,,,
663,12.881673,118.98.109.82,192.168.1.6,UDP,1392,443  >  61674 Len=1350,,,,,,,,,,,,,,,,,,,,
664,12.881673,118.98.109.82,192.168.1.6,UDP,1392,443  >  61674 Len=1350,,,,,,,,,,,,,,,,,,,,
665,12.881673,118.98.109.82,192.168.1.6,UDP,1392,443  >  61674 Len=1350,,,,,,,,,,,,,,,,,,,,
666,12.881673,118.98.109.82,192.168.1.6,UDP,1392,443  >  61674 Len=1350,,,,,,,,,,,,,,,,,,,,
667,12.881673,118.98.109.82,192.168.1.6,UDP,1392,443  >  61674 Len=1350,,,,,,,,,,,,,,,,,,,,
668,12.881673,118.98.109.82,192.168.1.6,UDP,1392,443  >  61674 Len=1350,,,,,,,,,,,,,,,,,,,,
669,12.881673,118.98.109.82,192.168.1.6,UDP,1392,443  >  61674 Len=1350,,,,,,,,,,,,,,,,,,,,
670,12.882371,192.168.1.6,118.98.109.82,UDP,75,61674  >  443 Len=33,,,,,,,,,,,,,,,,,,,,
671,12.883561,192.168.1.6,118.98.109.82,UDP,75,61674  >  443 Len=33,,,,,,,,,,,,,,,,,,,,
672,12.883634,118.98.109.82,192.168.1.6,UDP,1392,443  >  61674 Len=1350,,,,,,,,,,,,,,,,,,,,
673,12.883634,118.98.109.82,192.168.1.6,UDP,1392,443  >  61674 Len=1350,,,,,,,,,,,,,,,,,,,,
674,12.883634,118.98.109.82,192.168.1.6,UDP,1392,443  >  61674 Len=1350,,,,,,,,,,,,,,,,,,,,
675,12.883634,118.98.109.82,192.168.1.6,UDP,1392,443  >  61674 Len=1350,,,,,,,,,,,,,,,,,,,,
676,12.883634,118.98.109.82,192.168.1.6,UDP,1392,443  >  61674 Len=1350,,,,,,,,,,,,,,,,,,,,
677,12.883634,118.98.109.82,192.168.1.6,UDP,1392,443  >  61674 Len=1350,,,,,,,,,,,,,,,,,,,,
678,12.883634,118.98.109.82,192.168.1.6,UDP,1392,443  >  61674 Len=1350,,,,,,,,,,,,,,,,,,,,
679,12.883634,118.98.109.82,192.168.1.6,UDP,1392,443  >  61674 Len=1350,,,,,,,,,,,,,,,,,,,,
680,12.883634,118.98.109.82,192.168.1.6,UDP,1392,443  >  61674 Len=1350,,,,,,,,,,,,,,,,,,,,
681,12.885799,118.98.109.82,192.168.1.6,UDP,1392,443  >  61674 Len=1350,,,,,,,,,,,,,,,,,,,,
682,12.885799,118.98.109.82,192.168.1.6,UDP,1392,443  >  61674 Len=1350,,,,,,,,,,,,,,,,,,,,
683,12.885799,118.98.109.82,192.168.1.6,UDP,1392,443  >  61674 Len=1350,,,,,,,,,,,,,,,,,,,,
684,12.885799,118.98.109.82,192.168.1.6,UDP,1392,443  >  61674 Len=1350,,,,,,,,,,,,,,,,,,,,
685,12.885799,118.98.109.82,192.168.1.6,UDP,1392,443  >  61674 Len=1350,,,,,,,,,,,,,,,,,,,,
686,12.885799,118.98.109.82,192.168.1.6,UDP,1392,443  >  61674 Len=1350,,,,,,,,,,,,,,,,,,,,
687,12.885799,118.98.109.82,192.168.1.6,UDP,1392,443  >  61674 Len=1350,,,,,,,,,,,,,,,,,,,,
688,12.885799,118.98.109.82,192.168.1.6,UDP,1392,443  >  61674 Len=1350,,,,,,,,,,,,,,,,,,,,
689,12.885799,118.98.109.82,192.168.1.6,UDP,1392,443  >  61674 Len=1350,,,,,,,,,,,,,,,,,,,,
690,12.885799,118.98.109.82,192.168.1.6,UDP,1392,443  >  61674 Len=1350,,,,,,,,,,,,,,,,,,,,
691,12.885799,118.98.109.82,192.168.1.6,UDP,1392,443  >  61674 Len=1350,,,,,,,,,,,,,,,,,,,,
692,12.885799,118.98.109.82,192.168.1.6,UDP,1392,443  >  61674 Len=1350,,,,,,,,,,,,,,,,,,,,
693,12.886525,192.168.1.6,118.98.109.82,UDP,75,61674  >  443 Len=33,,,,,,,,,,,,,,,,,,,,
694,12.887031,192.168.1.6,118.98.109.82,UDP,75,61674  >  443 Len=33,,,,,,,,,,,,,,,,,,,,
695,12.887646,118.98.109.82,192.168.1.6,UDP,1392,443  >  61674 Len=1350,,,,,,,,,,,,,,,,,,,,
696,12.887646,118.98.109.82,192.168.1.6,UDP,1392,443  >  61674 Len=1350,,,,,,,,,,,,,,,,,,,,
697,12.887646,118.98.109.82,192.168.1.6,UDP,1392,443  >  61674 Len=1350,,,,,,,,,,,,,,,,,,,,
698,12.887646,118.98.109.82,192.168.1.6,UDP,1392,443  >  61674 Len=1350,,,,,,,,,,,,,,,,,,,,
699,12.887646,118.98.109.82,192.168.1.6,UDP,1392,443  >  61674 Len=1350,,,,,,,,,,,,,,,,,,,,
700,12.887646,118.98.109.82,192.168.1.6,UDP,1392,443  >  61674 Len=1350,,,,,,,,,,,,,,,,,,,,
701,12.887646,118.98.109.82,192.168.1.6,UDP,1392,443  >  61674 Len=1350,,,,,,,,,,,,,,,,,,,,
702,12.887646,118.98.109.82,192.168.1.6,UDP,1392,443  >  61674 Len=1350,,,,,,,,,,,,,,,,,,,,
703,12.887646,118.98.109.82,192.168.1.6,UDP,1392,443  >  61674 Len=1350,,,,,,,,,,,,,,,,,,,,
704,12.888827,192.168.1.6,118.98.109.82,UDP,75,61674  >  443 Len=33,,,,,,,,,,,,,,,,,,,,
705,12.890541,118.98.109.82,192.168.1.6,UDP,1392,443  >  61674 Len=1350,,,,,,,,,,,,,,,,,,,,
706,12.890904,192.168.1.6,118.98.109.82,UDP,75,61674  >  443 Len=33,,,,,,,,,,,,,,,,,,,,
707,12.892718,118.98.109.82,192.168.1.6,UDP,1392,443  >  61674 Len=1350,,,,,,,,,,,,,,,,,,,,
708,12.892718,118.98.109.82,192.168.1.6,UDP,1392,443  >  61674 Len=1350,,,,,,,,,,,,,,,,,,,,
709,12.892718,118.98.109.82,192.168.1.6,UDP,1392,443  >  61674 Len=1350,,,,,,,,,,,,,,,,,,,,
710,12.892718,118.98.109.82,192.168.1.6,UDP,1392,443  >  61674 Len=1350,,,,,,,,,,,,,,,,,,,,
711,12.892718,118.98.109.82,192.168.1.6,UDP,1392,443  >  61674 Len=1350,,,,,,,,,,,,,,,,,,,,
712,12.892718,118.98.109.82,192.168.1.6,UDP,1392,443  >  61674 Len=1350,,,,,,,,,,,,,,,,,,,,
713,12.892718,118.98.109.82,192.168.1.6,UDP,1392,443  >  61674 Len=1350,,,,,,,,,,,,,,,,,,,,
714,12.892718,118.98.109.82,192.168.1.6,UDP,1392,443  >  61674 Len=1350,,,,,,,,,,,,,,,,,,,,
715,12.892718,118.98.109.82,192.168.1.6,UDP,1392,443  >  61674 Len=1350,,,,,,,,,,,,,,,,,,,,
716,12.892718,118.98.109.82,192.168.1.6,UDP,1392,443  >  61674 Len=1350,,,,,,,,,,,,,,,,,,,,
717,12.892718,118.98.109.82,192.168.1.6,UDP,1392,443  >  61674 Len=1350,,,,,,,,,,,,,,,,,,,,
718,12.893412,192.168.1.6,118.98.109.82,UDP,75,61674  >  443 Len=33,,,,,,,,,,,,,,,,,,,,
719,12.893522,118.98.109.82,192.168.1.6,UDP,1392,443  >  61674 Len=1350,,,,,,,,,,,,,,,,,,,,
720,12.893522,118.98.109.82,192.168.1.6,UDP,1392,443  >  61674 Len=1350,,,,,,,,,,,,,,,,,,,,
721,12.893522,118.98.109.82,192.168.1.6,UDP,297,443  >  61674 Len=255,,,,,,,,,,,,,,,,,,,,
722,12.893522,118.98.109.82,192.168.1.6,UDP,69,443  >  61674 Len=27,,,,,,,,,,,,,,,,,,,,
723,12.894498,118.98.109.82,192.168.1.6,UDP,68,443  >  61674 Len=26,,,,,,,,,,,,,,,,,,,,
724,12.894559,192.168.1.6,118.98.109.82,UDP,75,61674  >  443 Len=33,,,,,,,,,,,,,,,,,,,,
725,14.48851,192.168.1.6,37.252.229.172,TCP,78,"50664  >  5938 [PSH, ACK] Seq=1 Ack=1 Win=516 Len=24",,,,,,,,,,,,,,,,,,,,
726,14.691482,37.252.229.172,192.168.1.6,TCP,78,"5938  >  50664 [PSH, ACK] Seq=1 Ack=25 Win=1021 Len=24",,,,,,,,,,,,,,,,,,,,
727,14.794503,192.168.1.6,37.252.229.172,TCP,54,50664  >  5938 [ACK] Seq=25 Ack=25 Win=516 Len=0,,,,,,,,,,,,,,,,,,,,
728,14.99055,37.252.229.172,192.168.1.6,TCP,78,"[TCP Spurious Retransmission] 5938  >  50664 [PSH, ACK] Seq=1 Ack=25 Win=1021 Len=24",,,,,,,,,,,,,,,,,,,,
729,14.990668,192.168.1.6,37.252.229.172,TCP,66,[TCP Dup ACK 727#1] 50664  >  5938 [ACK] Seq=25 Ack=25 Win=516 Len=0 SLE=1 SRE=25,,,,,,,,,,,,,,,,,,,,
730,15.655348,192.168.1.6,172.217.194.91,UDP,1392,64912  >  443 Len=1350,,,,,,,,,,,,,,,,,,,,
731,15.655519,192.168.1.6,172.217.194.91,UDP,783,64912  >  443 Len=741,,,,,,,,,,,,,,,,,,,,
732,15.680769,172.217.194.91,192.168.1.6,UDP,68,443  >  64912 Len=26,,,,,,,,,,,,,,,,,,,,
733,15.681764,172.217.194.91,192.168.1.6,UDP,457,443  >  64912 Len=415,,,,,,,,,,,,,,,,,,,,
734,15.681764,172.217.194.91,192.168.1.6,UDP,265,443  >  64912 Len=223,,,,,,,,,,,,,,,,,,,,
735,15.687141,192.168.1.6,172.217.194.91,UDP,75,64912  >  443 Len=33,,,,,,,,,,,,,,,,,,,,
736,16.77601,69.171.250.60,192.168.1.6,TLSv1.2,406,Application Data,,,,,,,,,,,,,,,,,,,,
737,16.844989,192.168.1.6,69.171.250.60,TCP,54,50826  >  443 [ACK] Seq=1 Ack=5929 Win=515 Len=0,,,,,,,,,,,,,,,,,,,,
738,17.752239,69.171.250.60,192.168.1.6,TLSv1.2,1238,Application Data,,,,,,,,,,,,,,,,,,,,
739,17.939285,192.168.1.6,69.171.250.60,TCP,54,50826  >  443 [ACK] Seq=1 Ack=7113 Win=516 Len=0,,,,,,,,,,,,,,,,,,,,
740,17.953276,69.171.250.60,192.168.1.6,TLSv1.2,1238,"[TCP Spurious Retransmission] , Application Data",,,,,,,,,,,,,,,,,,,,
741,17.953338,192.168.1.6,69.171.250.60,TCP,66,[TCP Dup ACK 739#1] 50826  >  443 [ACK] Seq=1 Ack=7113 Win=516 Len=0 SLE=5929 SRE=7113,,,,,,,,,,,,,,,,,,,,
742,18.807676,192.168.1.6,118.98.109.82,UDP,860,61674  >  443 Len=818,,,,,,,,,,,,,,,,,,,,
743,18.811522,118.98.109.82,192.168.1.6,UDP,68,443  >  61674 Len=26,,,,,,,,,,,,,,,,,,,,
744,18.812547,118.98.109.82,192.168.1.6,UDP,1392,443  >  61674 Len=1350,,,,,,,,,,,,,,,,,,,,
745,18.812547,118.98.109.82,192.168.1.6,UDP,1392,443  >  61674 Len=1350,,,,,,,,,,,,,,,,,,,,
746,18.812547,118.98.109.82,192.168.1.6,UDP,1392,443  >  61674 Len=1350,,,,,,,,,,,,,,,,,,,,
747,18.813651,192.168.1.6,118.98.109.82,UDP,75,61674  >  443 Len=33,,,,,,,,,,,,,,,,,,,,
748,18.814799,118.98.109.82,192.168.1.6,UDP,1392,443  >  61674 Len=1350,,,,,,,,,,,,,,,,,,,,
749,18.814799,118.98.109.82,192.168.1.6,UDP,1392,443  >  61674 Len=1350,,,,,,,,,,,,,,,,,,,,
750,18.814799,118.98.109.82,192.168.1.6,UDP,1392,443  >  61674 Len=1350,,,,,,,,,,,,,,,,,,,,
751,18.814799,118.98.109.82,192.168.1.6,UDP,1392,443  >  61674 Len=1350,,,,,,,,,,,,,,,,,,,,
752,18.814799,118.98.109.82,192.168.1.6,UDP,1392,443  >  61674 Len=1350,,,,,,,,,,,,,,,,,,,,
753,18.814799,118.98.109.82,192.168.1.6,UDP,1392,443  >  61674 Len=1350,,,,,,,,,,,,,,,,,,,,
754,18.814799,118.98.109.82,192.168.1.6,UDP,1392,443  >  61674 Len=1350,,,,,,,,,,,,,,,,,,,,
755,18.814799,118.98.109.82,192.168.1.6,UDP,1392,443  >  61674 Len=1350,,,,,,,,,,,,,,,,,,,,
756,18.814799,118.98.109.82,192.168.1.6,UDP,1392,443  >  61674 Len=1350,,,,,,,,,,,,,,,,,,,,
757,18.814799,118.98.109.82,192.168.1.6,UDP,1392,443  >  61674 Len=1350,,,,,,,,,,,,,,,,,,,,
758,18.814799,118.98.109.82,192.168.1.6,UDP,1392,443  >  61674 Len=1350,,,,,,,,,,,,,,,,,,,,
759,18.814799,118.98.109.82,192.168.1.6,UDP,1392,443  >  61674 Len=1350,,,,,,,,,,,,,,,,,,,,
760,18.815442,192.168.1.6,118.98.109.82,UDP,75,61674  >  443 Len=33,,,,,,,,,,,,,,,,,,,,
761,18.815588,118.98.109.82,192.168.1.6,UDP,1392,443  >  61674 Len=1350,,,,,,,,,,,,,,,,,,,,
762,18.815588,118.98.109.82,192.168.1.6,UDP,1392,443  >  61674 Len=1350,,,,,,,,,,,,,,,,,,,,
763,18.815588,118.98.109.82,192.168.1.6,UDP,1392,443  >  61674 Len=1350,,,,,,,,,,,,,,,,,,,,
764,18.815588,118.98.109.82,192.168.1.6,UDP,1392,443  >  61674 Len=1350,,,,,,,,,,,,,,,,,,,,
765,18.815588,118.98.109.82,192.168.1.6,UDP,1392,443  >  61674 Len=1350,,,,,,,,,,,,,,,,,,,,
766,18.817591,192.168.1.6,118.98.109.82,UDP,75,61674  >  443 Len=33,,,,,,,,,,,,,,,,,,,,
767,18.81764,118.98.109.82,192.168.1.6,UDP,1392,443  >  61674 Len=1350,,,,,,,,,,,,,,,,,,,,
768,18.81764,118.98.109.82,192.168.1.6,UDP,1392,443  >  61674 Len=1350,,,,,,,,,,,,,,,,,,,,
769,18.81764,118.98.109.82,192.168.1.6,UDP,1392,443  >  61674 Len=1350,,,,,,,,,,,,,,,,,,,,
770,18.81764,118.98.109.82,192.168.1.6,UDP,1392,443  >  61674 Len=1350,,,,,,,,,,,,,,,,,,,,
771,18.81764,118.98.109.82,192.168.1.6,UDP,1392,443  >  61674 Len=1350,,,,,,,,,,,,,,,,,,,,
772,18.81764,118.98.109.82,192.168.1.6,UDP,1392,443  >  61674 Len=1350,,,,,,,,,,,,,,,,,,,,
773,18.81764,118.98.109.82,192.168.1.6,UDP,1392,443  >  61674 Len=1350,,,,,,,,,,,,,,,,,,,,
774,18.81764,118.98.109.82,192.168.1.6,UDP,1392,443  >  61674 Len=1350,,,,,,,,,,,,,,,,,,,,
775,18.81764,118.98.109.82,192.168.1.6,UDP,1392,443  >  61674 Len=1350,,,,,,,,,,,,,,,,,,,,
776,18.81764,118.98.109.82,192.168.1.6,UDP,1392,443  >  61674 Len=1350,,,,,,,,,,,,,,,,,,,,
777,18.818145,192.168.1.6,118.98.109.82,UDP,75,61674  >  443 Len=33,,,,,,,,,,,,,,,,,,,,
778,18.818538,118.98.109.82,192.168.1.6,UDP,1392,443  >  61674 Len=1350,,,,,,,,,,,,,,,,,,,,
779,18.818538,118.98.109.82,192.168.1.6,UDP,1392,443  >  61674 Len=1350,,,,,,,,,,,,,,,,,,,,
780,18.818538,118.98.109.82,192.168.1.6,UDP,1392,443  >  61674 Len=1350,,,,,,,,,,,,,,,,,,,,
781,18.818538,118.98.109.82,192.168.1.6,UDP,1392,443  >  61674 Len=1350,,,,,,,,,,,,,,,,,,,,
782,18.818538,118.98.109.82,192.168.1.6,UDP,1392,443  >  61674 Len=1350,,,,,,,,,,,,,,,,,,,,
783,18.820651,118.98.109.82,192.168.1.6,UDP,1392,443  >  61674 Len=1350,,,,,,,,,,,,,,,,,,,,
784,18.820651,118.98.109.82,192.168.1.6,UDP,1392,443  >  61674 Len=1350,,,,,,,,,,,,,,,,,,,,
785,18.820651,118.98.109.82,192.168.1.6,UDP,1392,443  >  61674 Len=1350,,,,,,,,,,,,,,,,,,,,
786,18.820651,118.98.109.82,192.168.1.6,UDP,1392,443  >  61674 Len=1350,,,,,,,,,,,,,,,,,,,,
787,18.820651,118.98.109.82,192.168.1.6,UDP,1392,443  >  61674 Len=1350,,,,,,,,,,,,,,,,,,,,
788,18.820651,118.98.109.82,192.168.1.6,UDP,1392,443  >  61674 Len=1350,,,,,,,,,,,,,,,,,,,,
789,18.820651,118.98.109.82,192.168.1.6,UDP,1392,443  >  61674 Len=1350,,,,,,,,,,,,,,,,,,,,
790,18.820651,118.98.109.82,192.168.1.6,UDP,1392,443  >  61674 Len=1350,,,,,,,,,,,,,,,,,,,,
791,18.820651,118.98.109.82,192.168.1.6,UDP,1392,443  >  61674 Len=1350,,,,,,,,,,,,,,,,,,,,
792,18.820651,118.98.109.82,192.168.1.6,UDP,1392,443  >  61674 Len=1350,,,,,,,,,,,,,,,,,,,,
793,18.820651,118.98.109.82,192.168.1.6,UDP,1392,443  >  61674 Len=1350,,,,,,,,,,,,,,,,,,,,
794,18.820651,118.98.109.82,192.168.1.6,UDP,1392,443  >  61674 Len=1350,,,,,,,,,,,,,,,,,,,,
795,18.821186,192.168.1.6,118.98.109.82,UDP,75,61674  >  443 Len=33,,,,,,,,,,,,,,,,,,,,
796,18.821451,192.168.1.6,118.98.109.82,UDP,75,61674  >  443 Len=33,,,,,,,,,,,,,,,,,,,,
797,18.822668,118.98.109.82,192.168.1.6,UDP,1392,443  >  61674 Len=1350,,,,,,,,,,,,,,,,,,,,
798,18.822668,118.98.109.82,192.168.1.6,UDP,1392,443  >  61674 Len=1350,,,,,,,,,,,,,,,,,,,,
799,18.822668,118.98.109.82,192.168.1.6,UDP,1392,443  >  61674 Len=1350,,,,,,,,,,,,,,,,,,,,
800,18.822668,118.98.109.82,192.168.1.6,UDP,1392,443  >  61674 Len=1350,,,,,,,,,,,,,,,,,,,,
801,18.822668,118.98.109.82,192.168.1.6,UDP,1392,443  >  61674 Len=1350,,,,,,,,,,,,,,,,,,,,
802,18.822668,118.98.109.82,192.168.1.6,UDP,1392,443  >  61674 Len=1350,,,,,,,,,,,,,,,,,,,,
803,18.822668,118.98.109.82,192.168.1.6,UDP,1392,443  >  61674 Len=1350,,,,,,,,,,,,,,,,,,,,
804,18.822668,118.98.109.82,192.168.1.6,UDP,1392,443  >  61674 Len=1350,,,,,,,,,,,,,,,,,,,,
805,18.822668,118.98.109.82,192.168.1.6,UDP,1392,443  >  61674 Len=1350,,,,,,,,,,,,,,,,,,,,
806,18.823206,192.168.1.6,118.98.109.82,UDP,75,61674  >  443 Len=33,,,,,,,,,,,,,,,,,,,,
807,18.823525,118.98.109.82,192.168.1.6,UDP,1392,443  >  61674 Len=1350,,,,,,,,,,,,,,,,,,,,
808,18.823525,118.98.109.82,192.168.1.6,UDP,1392,443  >  61674 Len=1350,,,,,,,,,,,,,,,,,,,,
809,18.823525,118.98.109.82,192.168.1.6,UDP,1392,443  >  61674 Len=1350,,,,,,,,,,,,,,,,,,,,
810,18.823525,118.98.109.82,192.168.1.6,UDP,1392,443  >  61674 Len=1350,,,,,,,,,,,,,,,,,,,,
811,18.823525,118.98.109.82,192.168.1.6,UDP,1392,443  >  61674 Len=1350,,,,,,,,,,,,,,,,,,,,
812,18.823941,192.168.1.6,118.98.109.82,UDP,75,61674  >  443 Len=33,,,,,,,,,,,,,,,,,,,,
813,18.824578,118.98.109.82,192.168.1.6,UDP,1392,443  >  61674 Len=1350,,,,,,,,,,,,,,,,,,,,
814,18.824916,192.168.1.6,118.98.109.82,UDP,75,61674  >  443 Len=33,,,,,,,,,,,,,,,,,,,,
815,18.83071,118.98.109.82,192.168.1.6,UDP,1392,443  >  61674 Len=1350,,,,,,,,,,,,,,,,,,,,
816,18.83071,118.98.109.82,192.168.1.6,UDP,1392,443  >  61674 Len=1350,,,,,,,,,,,,,,,,,,,,
817,18.83071,118.98.109.82,192.168.1.6,UDP,1392,443  >  61674 Len=1350,,,,,,,,,,,,,,,,,,,,
818,18.83071,118.98.109.82,192.168.1.6,UDP,1392,443  >  61674 Len=1350,,,,,,,,,,,,,,,,,,,,
819,18.83071,118.98.109.82,192.168.1.6,UDP,1392,443  >  61674 Len=1350,,,,,,,,,,,,,,,,,,,,
820,18.83071,118.98.109.82,192.168.1.6,UDP,1392,443  >  61674 Len=1350,,,,,,,,,,,,,,,,,,,,
821,18.83071,118.98.109.82,192.168.1.6,UDP,1392,443  >  61674 Len=1350,,,,,,,,,,,,,,,,,,,,
822,18.83071,118.98.109.82,192.168.1.6,UDP,1392,443  >  61674 Len=1350,,,,,,,,,,,,,,,,,,,,
823,18.83071,118.98.109.82,192.168.1.6,UDP,1392,443  >  61674 Len=1350,,,,,,,,,,,,,,,,,,,,
824,18.83071,118.98.109.82,192.168.1.6,UDP,1392,443  >  61674 Len=1350,,,,,,,,,,,,,,,,,,,,
825,18.83071,118.98.109.82,192.168.1.6,UDP,1392,443  >  61674 Len=1350,,,,,,,,,,,,,,,,,,,,
826,18.83071,118.98.109.82,192.168.1.6,UDP,1392,443  >  61674 Len=1350,,,,,,,,,,,,,,,,,,,,
827,18.83071,118.98.109.82,192.168.1.6,UDP,1392,443  >  61674 Len=1350,,,,,,,,,,,,,,,,,,,,
828,18.83071,118.98.109.82,192.168.1.6,UDP,1392,443  >  61674 Len=1350,,,,,,,,,,,,,,,,,,,,
829,18.83071,118.98.109.82,192.168.1.6,UDP,1392,443  >  61674 Len=1350,,,,,,,,,,,,,,,,,,,,
830,18.83071,118.98.109.82,192.168.1.6,UDP,1392,443  >  61674 Len=1350,,,,,,,,,,,,,,,,,,,,
831,18.83071,118.98.109.82,192.168.1.6,UDP,1392,443  >  61674 Len=1350,,,,,,,,,,,,,,,,,,,,
832,18.83071,118.98.109.82,192.168.1.6,UDP,1392,443  >  61674 Len=1350,,,,,,,,,,,,,,,,,,,,
833,18.83071,118.98.109.82,192.168.1.6,UDP,1392,443  >  61674 Len=1350,,,,,,,,,,,,,,,,,,,,
834,18.831448,192.168.1.6,118.98.109.82,UDP,75,61674  >  443 Len=33,,,,,,,,,,,,,,,,,,,,
835,18.831594,118.98.109.82,192.168.1.6,UDP,1392,443  >  61674 Len=1350,,,,,,,,,,,,,,,,,,,,
836,18.831594,118.98.109.82,192.168.1.6,UDP,1392,443  >  61674 Len=1350,,,,,,,,,,,,,,,,,,,,
837,18.831594,118.98.109.82,192.168.1.6,UDP,1392,443  >  61674 Len=1350,,,,,,,,,,,,,,,,,,,,
838,18.831594,118.98.109.82,192.168.1.6,UDP,1392,443  >  61674 Len=1350,,,,,,,,,,,,,,,,,,,,
839,18.831594,118.98.109.82,192.168.1.6,UDP,1392,443  >  61674 Len=1350,,,,,,,,,,,,,,,,,,,,
840,18.831594,118.98.109.82,192.168.1.6,UDP,1392,443  >  61674 Len=1350,,,,,,,,,,,,,,,,,,,,
841,18.831594,118.98.109.82,192.168.1.6,UDP,1392,443  >  61674 Len=1350,,,,,,,,,,,,,,,,,,,,
842,18.831594,118.98.109.82,192.168.1.6,UDP,1392,443  >  61674 Len=1350,,,,,,,,,,,,,,,,,,,,
843,18.832116,192.168.1.6,118.98.109.82,UDP,75,61674  >  443 Len=33,,,,,,,,,,,,,,,,,,,,
844,18.833161,118.98.109.82,192.168.1.6,UDP,1392,443  >  61674 Len=1350,,,,,,,,,,,,,,,,,,,,
845,18.833161,118.98.109.82,192.168.1.6,UDP,1392,443  >  61674 Len=1350,,,,,,,,,,,,,,,,,,,,
846,18.833161,118.98.109.82,192.168.1.6,UDP,1392,443  >  61674 Len=1350,,,,,,,,,,,,,,,,,,,,
847,18.833161,118.98.109.82,192.168.1.6,UDP,1392,443  >  61674 Len=1350,,,,,,,,,,,,,,,,,,,,
848,18.833161,118.98.109.82,192.168.1.6,UDP,1392,443  >  61674 Len=1350,,,,,,,,,,,,,,,,,,,,
849,18.833161,118.98.109.82,192.168.1.6,UDP,1392,443  >  61674 Len=1350,,,,,,,,,,,,,,,,,,,,
850,18.833161,118.98.109.82,192.168.1.6,UDP,1392,443  >  61674 Len=1350,,,,,,,,,,,,,,,,,,,,
851,18.833161,118.98.109.82,192.168.1.6,UDP,1392,443  >  61674 Len=1350,,,,,,,,,,,,,,,,,,,,
852,18.83332,192.168.1.6,118.98.109.82,UDP,75,61674  >  443 Len=33,,,,,,,,,,,,,,,,,,,,
853,18.836175,118.98.109.82,192.168.1.6,UDP,1392,443  >  61674 Len=1350,,,,,,,,,,,,,,,,,,,,
854,18.836175,118.98.109.82,192.168.1.6,UDP,1392,443  >  61674 Len=1350,,,,,,,,,,,,,,,,,,,,
855,18.836175,118.98.109.82,192.168.1.6,UDP,1392,443  >  61674 Len=1350,,,,,,,,,,,,,,,,,,,,
856,18.836175,118.98.109.82,192.168.1.6,UDP,1392,443  >  61674 Len=1350,,,,,,,,,,,,,,,,,,,,
857,18.836175,118.98.109.82,192.168.1.6,UDP,1392,443  >  61674 Len=1350,,,,,,,,,,,,,,,,,,,,
858,18.836175,118.98.109.82,192.168.1.6,UDP,1392,443  >  61674 Len=1350,,,,,,,,,,,,,,,,,,,,
859,18.836175,118.98.109.82,192.168.1.6,UDP,1392,443  >  61674 Len=1350,,,,,,,,,,,,,,,,,,,,
860,18.836175,118.98.109.82,192.168.1.6,UDP,1392,443  >  61674 Len=1350,,,,,,,,,,,,,,,,,,,,
861,18.836175,118.98.109.82,192.168.1.6,UDP,1392,443  >  61674 Len=1350,,,,,,,,,,,,,,,,,,,,
862,18.836175,118.98.109.82,192.168.1.6,UDP,1392,443  >  61674 Len=1350,,,,,,,,,,,,,,,,,,,,
863,18.836175,118.98.109.82,192.168.1.6,UDP,1392,443  >  61674 Len=1350,,,,,,,,,,,,,,,,,,,,
864,18.836175,118.98.109.82,192.168.1.6,UDP,1392,443  >  61674 Len=1350,,,,,,,,,,,,,,,,,,,,
865,18.836799,192.168.1.6,118.98.109.82,UDP,75,61674  >  443 Len=33,,,,,,,,,,,,,,,,,,,,
866,18.83711,118.98.109.82,192.168.1.6,UDP,1392,443  >  61674 Len=1350,,,,,,,,,,,,,,,,,,,,
867,18.83711,118.98.109.82,192.168.1.6,UDP,1392,443  >  61674 Len=1350,,,,,,,,,,,,,,,,,,,,
868,18.83711,118.98.109.82,192.168.1.6,UDP,1392,443  >  61674 Len=1350,,,,,,,,,,,,,,,,,,,,
869,18.83711,118.98.109.82,192.168.1.6,UDP,1392,443  >  61674 Len=1350,,,,,,,,,,,,,,,,,,,,
870,18.83711,118.98.109.82,192.168.1.6,UDP,1392,443  >  61674 Len=1350,,,,,,,,,,,,,,,,,,,,
871,18.83711,118.98.109.82,192.168.1.6,UDP,1392,443  >  61674 Len=1350,,,,,,,,,,,,,,,,,,,,
872,18.83711,118.98.109.82,192.168.1.6,UDP,1392,443  >  61674 Len=1350,,,,,,,,,,,,,,,,,,,,
873,18.83711,118.98.109.82,192.168.1.6,UDP,1392,443  >  61674 Len=1350,,,,,,,,,,,,,,,,,,,,
874,18.83711,118.98.109.82,192.168.1.6,UDP,1392,443  >  61674 Len=1350,,,,,,,,,,,,,,,,,,,,
875,18.837744,192.168.1.6,118.98.109.82,UDP,75,61674  >  443 Len=33,,,,,,,,,,,,,,,,,,,,
876,18.838299,192.168.1.6,118.98.109.82,UDP,75,61674  >  443 Len=33,,,,,,,,,,,,,,,,,,,,
877,18.839071,118.98.109.82,192.168.1.6,UDP,1392,443  >  61674 Len=1350,,,,,,,,,,,,,,,,,,,,
878,18.83938,192.168.1.6,118.98.109.82,UDP,75,61674  >  443 Len=33,,,,,,,,,,,,,,,,,,,,
879,18.840133,118.98.109.82,192.168.1.6,UDP,1392,443  >  61674 Len=1350,,,,,,,,,,,,,,,,,,,,
880,18.840133,118.98.109.82,192.168.1.6,UDP,1392,443  >  61674 Len=1350,,,,,,,,,,,,,,,,,,,,
881,18.840133,118.98.109.82,192.168.1.6,UDP,1392,443  >  61674 Len=1350,,,,,,,,,,,,,,,,,,,,
882,18.840133,118.98.109.82,192.168.1.6,UDP,1392,443  >  61674 Len=1350,,,,,,,,,,,,,,,,,,,,
883,18.840133,118.98.109.82,192.168.1.6,UDP,1392,443  >  61674 Len=1350,,,,,,,,,,,,,,,,,,,,
884,18.840133,118.98.109.82,192.168.1.6,UDP,1392,443  >  61674 Len=1350,,,,,,,,,,,,,,,,,,,,
885,18.840133,118.98.109.82,192.168.1.6,UDP,1392,443  >  61674 Len=1350,,,,,,,,,,,,,,,,,,,,
886,18.840133,118.98.109.82,192.168.1.6,UDP,1392,443  >  61674 Len=1350,,,,,,,,,,,,,,,,,,,,
887,18.841084,118.98.109.82,192.168.1.6,UDP,1392,443  >  61674 Len=1350,,,,,,,,,,,,,,,,,,,,
888,18.841084,118.98.109.82,192.168.1.6,UDP,1392,443  >  61674 Len=1350,,,,,,,,,,,,,,,,,,,,
889,18.841084,118.98.109.82,192.168.1.6,UDP,1392,443  >  61674 Len=1350,,,,,,,,,,,,,,,,,,,,
890,18.841084,118.98.109.82,192.168.1.6,UDP,1392,443  >  61674 Len=1350,,,,,,,,,,,,,,,,,,,,
891,18.841084,118.98.109.82,192.168.1.6,UDP,1392,443  >  61674 Len=1350,,,,,,,,,,,,,,,,,,,,
892,18.841438,192.168.1.6,118.98.109.82,UDP,75,61674  >  443 Len=33,,,,,,,,,,,,,,,,,,,,
893,18.842161,118.98.109.82,192.168.1.6,UDP,1392,443  >  61674 Len=1350,,,,,,,,,,,,,,,,,,,,
894,18.842161,118.98.109.82,192.168.1.6,UDP,1392,443  >  61674 Len=1350,,,,,,,,,,,,,,,,,,,,
895,18.842161,118.98.109.82,192.168.1.6,UDP,1392,443  >  61674 Len=1350,,,,,,,,,,,,,,,,,,,,
896,18.842161,118.98.109.82,192.168.1.6,UDP,1392,443  >  61674 Len=1350,,,,,,,,,,,,,,,,,,,,
897,18.842161,118.98.109.82,192.168.1.6,UDP,1392,443  >  61674 Len=1350,,,,,,,,,,,,,,,,,,,,
898,18.842161,118.98.109.82,192.168.1.6,UDP,1392,443  >  61674 Len=1350,,,,,,,,,,,,,,,,,,,,
899,18.842161,118.98.109.82,192.168.1.6,UDP,1392,443  >  61674 Len=1350,,,,,,,,,,,,,,,,,,,,
900,18.842535,192.168.1.6,118.98.109.82,UDP,75,61674  >  443 Len=33,,,,,,,,,,,,,,,,,,,,
901,18.843027,118.98.109.82,192.168.1.6,UDP,1392,443  >  61674 Len=1350,,,,,,,,,,,,,,,,,,,,
902,18.844133,192.168.1.6,118.98.109.82,UDP,75,61674  >  443 Len=33,,,,,,,,,,,,,,,,,,,,
903,18.845182,118.98.109.82,192.168.1.6,UDP,1392,443  >  61674 Len=1350,,,,,,,,,,,,,,,,,,,,
904,18.845182,118.98.109.82,192.168.1.6,UDP,1392,443  >  61674 Len=1350,,,,,,,,,,,,,,,,,,,,
905,18.845182,118.98.109.82,192.168.1.6,UDP,1392,443  >  61674 Len=1350,,,,,,,,,,,,,,,,,,,,
906,18.845182,118.98.109.82,192.168.1.6,UDP,1392,443  >  61674 Len=1350,,,,,,,,,,,,,,,,,,,,
907,18.845182,118.98.109.82,192.168.1.6,UDP,1392,443  >  61674 Len=1350,,,,,,,,,,,,,,,,,,,,
908,18.845182,118.98.109.82,192.168.1.6,UDP,1392,443  >  61674 Len=1350,,,,,,,,,,,,,,,,,,,,
909,18.845182,118.98.109.82,192.168.1.6,UDP,1392,443  >  61674 Len=1350,,,,,,,,,,,,,,,,,,,,
910,18.845182,118.98.109.82,192.168.1.6,UDP,1392,443  >  61674 Len=1350,,,,,,,,,,,,,,,,,,,,
911,18.845182,118.98.109.82,192.168.1.6,UDP,1392,443  >  61674 Len=1350,,,,,,,,,,,,,,,,,,,,
912,18.845182,118.98.109.82,192.168.1.6,UDP,1392,443  >  61674 Len=1350,,,,,,,,,,,,,,,,,,,,
913,18.845182,118.98.109.82,192.168.1.6,UDP,1392,443  >  61674 Len=1350,,,,,,,,,,,,,,,,,,,,
914,18.845767,192.168.1.6,118.98.109.82,UDP,88,61674  >  443 Len=46,,,,,,,,,,,,,,,,,,,,
915,18.846129,118.98.109.82,192.168.1.6,UDP,1392,443  >  61674 Len=1350,,,,,,,,,,,,,,,,,,,,
916,18.846129,118.98.109.82,192.168.1.6,UDP,1392,443  >  61674 Len=1350,,,,,,,,,,,,,,,,,,,,
917,18.846129,118.98.109.82,192.168.1.6,UDP,1392,443  >  61674 Len=1350,,,,,,,,,,,,,,,,,,,,
918,18.846129,118.98.109.82,192.168.1.6,UDP,1392,443  >  61674 Len=1350,,,,,,,,,,,,,,,,,,,,
919,18.846129,118.98.109.82,192.168.1.6,UDP,1392,443  >  61674 Len=1350,,,,,,,,,,,,,,,,,,,,
920,18.846129,118.98.109.82,192.168.1.6,UDP,1392,443  >  61674 Len=1350,,,,,,,,,,,,,,,,,,,,
921,18.846129,118.98.109.82,192.168.1.6,UDP,1392,443  >  61674 Len=1350,,,,,,,,,,,,,,,,,,,,
922,18.846129,118.98.109.82,192.168.1.6,UDP,1392,443  >  61674 Len=1350,,,,,,,,,,,,,,,,,,,,
923,18.846129,118.98.109.82,192.168.1.6,UDP,1392,443  >  61674 Len=1350,,,,,,,,,,,,,,,,,,,,
924,18.84684,192.168.1.6,118.98.109.82,UDP,75,61674  >  443 Len=33,,,,,,,,,,,,,,,,,,,,
925,18.847061,118.98.109.82,192.168.1.6,UDP,1392,443  >  61674 Len=1350,,,,,,,,,,,,,,,,,,,,
926,18.849115,192.168.1.6,118.98.109.82,UDP,75,61674  >  443 Len=33,,,,,,,,,,,,,,,,,,,,
927,18.849213,118.98.109.82,192.168.1.6,UDP,1392,443  >  61674 Len=1350,,,,,,,,,,,,,,,,,,,,
928,18.849213,118.98.109.82,192.168.1.6,UDP,1392,443  >  61674 Len=1350,,,,,,,,,,,,,,,,,,,,
929,18.849213,118.98.109.82,192.168.1.6,UDP,1392,443  >  61674 Len=1350,,,,,,,,,,,,,,,,,,,,
930,18.849213,118.98.109.82,192.168.1.6,UDP,1392,443  >  61674 Len=1350,,,,,,,,,,,,,,,,,,,,
931,18.849213,118.98.109.82,192.168.1.6,UDP,1392,443  >  61674 Len=1350,,,,,,,,,,,,,,,,,,,,
932,18.849213,118.98.109.82,192.168.1.6,UDP,1392,443  >  61674 Len=1350,,,,,,,,,,,,,,,,,,,,
933,18.849213,118.98.109.82,192.168.1.6,UDP,1392,443  >  61674 Len=1350,,,,,,,,,,,,,,,,,,,,
934,18.849213,118.98.109.82,192.168.1.6,UDP,1392,443  >  61674 Len=1350,,,,,,,,,,,,,,,,,,,,
935,18.849213,118.98.109.82,192.168.1.6,UDP,1392,443  >  61674 Len=1350,,,,,,,,,,,,,,,,,,,,
936,18.849213,118.98.109.82,192.168.1.6,UDP,1392,443  >  61674 Len=1350,,,,,,,,,,,,,,,,,,,,
937,18.849213,118.98.109.82,192.168.1.6,UDP,1392,443  >  61674 Len=1350,,,,,,,,,,,,,,,,,,,,
938,18.849698,192.168.1.6,118.98.109.82,UDP,75,61674  >  443 Len=33,,,,,,,,,,,,,,,,,,,,
939,18.851155,118.98.109.82,192.168.1.6,UDP,1392,443  >  61674 Len=1350,,,,,,,,,,,,,,,,,,,,
940,18.851155,118.98.109.82,192.168.1.6,UDP,1392,443  >  61674 Len=1350,,,,,,,,,,,,,,,,,,,,
941,18.851155,118.98.109.82,192.168.1.6,UDP,1392,443  >  61674 Len=1350,,,,,,,,,,,,,,,,,,,,
942,18.851155,118.98.109.82,192.168.1.6,UDP,1392,443  >  61674 Len=1350,,,,,,,,,,,,,,,,,,,,
943,18.851155,118.98.109.82,192.168.1.6,UDP,1392,443  >  61674 Len=1350,,,,,,,,,,,,,,,,,,,,
944,18.851155,118.98.109.82,192.168.1.6,UDP,1392,443  >  61674 Len=1350,,,,,,,,,,,,,,,,,,,,
945,18.851155,118.98.109.82,192.168.1.6,UDP,1392,443  >  61674 Len=1350,,,,,,,,,,,,,,,,,,,,
946,18.851155,118.98.109.82,192.168.1.6,UDP,1392,443  >  61674 Len=1350,,,,,,,,,,,,,,,,,,,,
947,18.851155,118.98.109.82,192.168.1.6,UDP,1392,443  >  61674 Len=1350,,,,,,,,,,,,,,,,,,,,
948,18.851596,192.168.1.6,118.98.109.82,UDP,75,61674  >  443 Len=33,,,,,,,,,,,,,,,,,,,,
949,18.85208,118.98.109.82,192.168.1.6,UDP,1392,443  >  61674 Len=1350,,,,,,,,,,,,,,,,,,,,
950,18.85208,118.98.109.82,192.168.1.6,UDP,1392,443  >  61674 Len=1350,,,,,,,,,,,,,,,,,,,,
951,18.85208,118.98.109.82,192.168.1.6,UDP,1392,443  >  61674 Len=1350,,,,,,,,,,,,,,,,,,,,
952,18.85208,118.98.109.82,192.168.1.6,UDP,1392,443  >  61674 Len=1350,,,,,,,,,,,,,,,,,,,,
953,18.85208,118.98.109.82,192.168.1.6,UDP,1392,443  >  61674 Len=1350,,,,,,,,,,,,,,,,,,,,
954,18.85245,192.168.1.6,118.98.109.82,UDP,75,61674  >  443 Len=33,,,,,,,,,,,,,,,,,,,,
955,18.853125,118.98.109.82,192.168.1.6,UDP,1392,443  >  61674 Len=1350,,,,,,,,,,,,,,,,,,,,
956,18.853125,118.98.109.82,192.168.1.6,UDP,1392,443  >  61674 Len=1350,,,,,,,,,,,,,,,,,,,,
957,18.853125,118.98.109.82,192.168.1.6,UDP,1392,443  >  61674 Len=1350,,,,,,,,,,,,,,,,,,,,
958,18.853125,118.98.109.82,192.168.1.6,UDP,1392,443  >  61674 Len=1350,,,,,,,,,,,,,,,,,,,,
959,18.853125,118.98.109.82,192.168.1.6,UDP,1392,443  >  61674 Len=1350,,,,,,,,,,,,,,,,,,,,
960,18.853125,118.98.109.82,192.168.1.6,UDP,1392,443  >  61674 Len=1350,,,,,,,,,,,,,,,,,,,,
961,18.853125,118.98.109.82,192.168.1.6,UDP,1392,443  >  61674 Len=1350,,,,,,,,,,,,,,,,,,,,
962,18.853475,192.168.1.6,118.98.109.82,UDP,75,61674  >  443 Len=33,,,,,,,,,,,,,,,,,,,,
963,18.855144,192.168.1.6,118.98.109.82,UDP,75,61674  >  443 Len=33,,,,,,,,,,,,,,,,,,,,
964,18.855189,118.98.109.82,192.168.1.6,UDP,1392,443  >  61674 Len=1350,,,,,,,,,,,,,,,,,,,,
965,18.855189,118.98.109.82,192.168.1.6,UDP,1392,443  >  61674 Len=1350,,,,,,,,,,,,,,,,,,,,
966,18.855189,118.98.109.82,192.168.1.6,UDP,1392,443  >  61674 Len=1350,,,,,,,,,,,,,,,,,,,,
967,18.855189,118.98.109.82,192.168.1.6,UDP,1392,443  >  61674 Len=1350,,,,,,,,,,,,,,,,,,,,
968,18.855189,118.98.109.82,192.168.1.6,UDP,1392,443  >  61674 Len=1350,,,,,,,,,,,,,,,,,,,,
969,18.855189,118.98.109.82,192.168.1.6,UDP,1392,443  >  61674 Len=1350,,,,,,,,,,,,,,,,,,,,
970,18.855189,118.98.109.82,192.168.1.6,UDP,1392,443  >  61674 Len=1350,,,,,,,,,,,,,,,,,,,,
971,18.855189,118.98.109.82,192.168.1.6,UDP,1392,443  >  61674 Len=1350,,,,,,,,,,,,,,,,,,,,
972,18.855189,118.98.109.82,192.168.1.6,UDP,1392,443  >  61674 Len=1350,,,,,,,,,,,,,,,,,,,,
973,18.857169,118.98.109.82,192.168.1.6,UDP,1392,443  >  61674 Len=1350,,,,,,,,,,,,,,,,,,,,
974,18.857169,118.98.109.82,192.168.1.6,UDP,1392,443  >  61674 Len=1350,,,,,,,,,,,,,,,,,,,,
975,18.857169,118.98.109.82,192.168.1.6,UDP,1392,443  >  61674 Len=1350,,,,,,,,,,,,,,,,,,,,
976,18.857169,118.98.109.82,192.168.1.6,UDP,1392,443  >  61674 Len=1350,,,,,,,,,,,,,,,,,,,,
977,18.857169,118.98.109.82,192.168.1.6,UDP,1392,443  >  61674 Len=1350,,,,,,,,,,,,,,,,,,,,
978,18.857169,118.98.109.82,192.168.1.6,UDP,1392,443  >  61674 Len=1350,,,,,,,,,,,,,,,,,,,,
979,18.857169,118.98.109.82,192.168.1.6,UDP,1392,443  >  61674 Len=1350,,,,,,,,,,,,,,,,,,,,
980,18.857169,118.98.109.82,192.168.1.6,UDP,1392,443  >  61674 Len=1350,,,,,,,,,,,,,,,,,,,,
981,18.857169,118.98.109.82,192.168.1.6,UDP,1392,443  >  61674 Len=1350,,,,,,,,,,,,,,,,,,,,
982,18.857169,118.98.109.82,192.168.1.6,UDP,1392,443  >  61674 Len=1350,,,,,,,,,,,,,,,,,,,,
983,18.857169,118.98.109.82,192.168.1.6,UDP,1392,443  >  61674 Len=1350,,,,,,,,,,,,,,,,,,,,
984,18.857169,118.98.109.82,192.168.1.6,UDP,1392,443  >  61674 Len=1350,,,,,,,,,,,,,,,,,,,,
985,18.857688,192.168.1.6,118.98.109.82,UDP,75,61674  >  443 Len=33,,,,,,,,,,,,,,,,,,,,
986,18.857963,192.168.1.6,118.98.109.82,UDP,75,61674  >  443 Len=33,,,,,,,,,,,,,,,,,,,,
987,18.859192,118.98.109.82,192.168.1.6,UDP,1392,443  >  61674 Len=1350,,,,,,,,,,,,,,,,,,,,
988,18.859192,118.98.109.82,192.168.1.6,UDP,1392,443  >  61674 Len=1350,,,,,,,,,,,,,,,,,,,,
989,18.859192,118.98.109.82,192.168.1.6,UDP,1392,443  >  61674 Len=1350,,,,,,,,,,,,,,,,,,,,
990,18.859192,118.98.109.82,192.168.1.6,UDP,1392,443  >  61674 Len=1350,,,,,,,,,,,,,,,,,,,,
991,18.859192,118.98.109.82,192.168.1.6,UDP,1392,443  >  61674 Len=1350,,,,,,,,,,,,,,,,,,,,
992,18.859192,118.98.109.82,192.168.1.6,UDP,1392,443  >  61674 Len=1350,,,,,,,,,,,,,,,,,,,,
993,18.859192,118.98.109.82,192.168.1.6,UDP,1392,443  >  61674 Len=1350,,,,,,,,,,,,,,,,,,,,
994,18.859192,118.98.109.82,192.168.1.6,UDP,1392,443  >  61674 Len=1350,,,,,,,,,,,,,,,,,,,,
995,18.859192,118.98.109.82,192.168.1.6,UDP,1392,443  >  61674 Len=1350,,,,,,,,,,,,,,,,,,,,
996,18.860126,118.98.109.82,192.168.1.6,UDP,1392,443  >  61674 Len=1350,,,,,,,,,,,,,,,,,,,,
997,18.860126,118.98.109.82,192.168.1.6,UDP,1392,443  >  61674 Len=1350,,,,,,,,,,,,,,,,,,,,
998,18.860126,118.98.109.82,192.168.1.6,UDP,1392,443  >  61674 Len=1350,,,,,,,,,,,,,,,,,,,,
999,18.860126,118.98.109.82,192.168.1.6,UDP,1392,443  >  61674 Len=1350,,,,,,,,,,,,,,,,,,,,
1000,18.860126,118.98.109.82,192.168.1.6,UDP,1392,443  >  61674 Len=1350,,,,,,,,,,,,,,,,,,,,
1001,18.860447,192.168.1.6,118.98.109.82,UDP,75,61674  >  443 Len=33,,,,,,,,,,,,,,,,,,,,
1002,18.860805,192.168.1.6,118.98.109.82,UDP,75,61674  >  443 Len=33,,,,,,,,,,,,,,,,,,,,
1003,18.861065,118.98.109.82,192.168.1.6,UDP,1392,443  >  61674 Len=1350,,,,,,,,,,,,,,,,,,,,
1004,18.861065,118.98.109.82,192.168.1.6,UDP,283,443  >  61674 Len=241,,,,,,,,,,,,,,,,,,,,
1005,18.861065,118.98.109.82,192.168.1.6,UDP,69,443  >  61674 Len=27,,,,,,,,,,,,,,,,,,,,
1006,18.861065,118.98.109.82,192.168.1.6,UDP,68,443  >  61674 Len=26,,,,,,,,,,,,,,,,,,,,
1007,18.861761,192.168.1.6,118.98.109.82,UDP,75,61674  >  443 Len=33,,,,,,,,,,,,,,,,,,,,
1008,19.723885,192.168.1.6,37.252.229.172,TCP,78,"50664  >  5938 [PSH, ACK] Seq=25 Ack=25 Win=516 Len=24",,,,,,,,,,,,,,,,,,,,
1009,19.966364,37.252.229.172,192.168.1.6,TCP,56,5938  >  50664 [ACK] Seq=25 Ack=49 Win=1021 Len=0,,,,,,,,,,,,,,,,,,,,
